State,Medical School,Course,Class,Required or Recommended?,Additional Info,Credit Hours,Lab?,Pass/Fail,AP Credit,Online Course,Community College
AL,Frederick P. Whiddon College of Medicine at the University of South Alabama,Anthropology,BESS,Required,Anthropology or any of the Behavioral and Social Sciences courses will be accepted.  Applicants should have 3 semester hours in the Social Sciences and 3 semester hours in the Behavioral Sciences.,6,-1,0,0.0,1.0,1.0
AL,Frederick P. Whiddon College of Medicine at the University of South Alabama,Biochemistry,CHEM,Recommended,Biochemistry may take the place of Organic Chemistry II.,,1,0,-1.0,0.0,1.0
AL,Frederick P. Whiddon College of Medicine at the University of South Alabama,Biology,BIOL,Required,,8,1,0,0.0,0.0,1.0
AL,Frederick P. Whiddon College of Medicine at the University of South Alabama,Chemistry,CHEM,Required,General Chemistry,8,1,0,0.0,0.0,1.0
AL,Frederick P. Whiddon College of Medicine at the University of South Alabama,Composition & Rhetoric,ENGL,Required,English Literature may be used in place of a portion or all of English Composition.,6,-1,0,0.0,1.0,1.0
AL,Frederick P. Whiddon College of Medicine at the University of South Alabama,Literature,ENGL,Required,English Composition may be used in place of a portion or all of English Literature.,6,-1,0,0.0,1.0,1.0
AL,Frederick P. Whiddon College of Medicine at the University of South Alabama,Mathematics,MATH,Required,Calculus is preferred.,6,-1,0,0.0,1.0,1.0
AL,Frederick P. Whiddon College of Medicine at the University of South Alabama,Physics,PHYS,Required,,8,1,0,0.0,0.0,1.0
AL,Frederick P. Whiddon College of Medicine at the University of South Alabama,Statistics,MATH,Recommended,,,-1,0,0.0,1.0,1.0
AL,University of Alabama at Birmingham Marnix E. Heersink School of Medicine,Biochemistry,CHEM,Required,,3,-1,-1,1.0,1.0,1.0
AL,University of Alabama at Birmingham Marnix E. Heersink School of Medicine,Biology,BIOL,Required,General Biology - Applicants awarded AP or CLEP credit for biology are expected to complete 8 hours of additional advanced biology coursework.,8,1,-1,1.0,0.0,1.0
AL,University of Alabama at Birmingham Marnix E. Heersink School of Medicine,Biostatistics,MATH,Required,3 semester hours of biostatistics or statistics OR 6 semester hours of college math.  Applicants awarded AP or CLEP credit for statistics or college mathematics are expected to complete a college level biostatistics course to meet the requirement.,3,-1,-1,1.0,1.0,1.0
AL,University of Alabama at Birmingham Marnix E. Heersink School of Medicine,Composition & Rhetoric,ENGL,Required,"Complete at least 6 semester hours of college level English, writing composition, or writing intensive coursework.",6,-1,-1,1.0,1.0,1.0
AL,University of Alabama at Birmingham Marnix E. Heersink School of Medicine,Physics,PHYS,Required,,8,1,-1,1.0,1.0,1.0
AL,University of Alabama at Birmingham Marnix E. Heersink School of Medicine,Psychology,BESS,Required,"Any behavioral or social science coursework that addresses the biological, psychological, and/or sociocultural factors that influence perceptions, behaviors, interactions and well-being will be accepted.",3,-1,-1,1.0,1.0,1.0
AR,Alice L. Walton School of Medicine,Biochemistry,CHEM,Recommended,"We require 24 hours of math and science course work, but recommend biochemistry course work with a lab component. It is anticipated that applicants will have completed some of the recommended upper division courses.",,-1,1,-1.0,1.0,1.0
AR,Alice L. Walton School of Medicine,Biology,BIOL,Recommended,"We require 24 hours of math and science course work, but recommend biology course work with a lab component. It is anticipated that applicants will have completed some of the recommended upper division courses.",,-1,1,-1.0,1.0,1.0
AR,Alice L. Walton School of Medicine,Cell Biology,BIOL,Recommended,"We require 24 hours of math and science course work, but recommend biology course work with a lab component. It is anticipated that applicants will have completed some of the recommended upper division courses.",,-1,1,-1.0,1.0,1.0
AR,Alice L. Walton School of Medicine,Chemistry,CHEM,Recommended,"We require 24 hours of math and science course work, but recommend chemistry course work with a lab component. It is anticipated that applicants will have completed some of the recommended upper division courses.",,-1,1,-1.0,1.0,1.0
AR,Alice L. Walton School of Medicine,Genetics,BIOL,Recommended,"We require 24 hours of math and science course work, but recommend biology course work with a lab component. It is anticipated that applicants will have completed some of the recommended upper division courses.",,-1,1,-1.0,1.0,1.0
AR,Alice L. Walton School of Medicine,Immunology,BIOL,Recommended,"We require 24 hours of math and science course work, but recommend biology course work with a lab component. It is anticipated that applicants will have completed some of the recommended upper division courses.",,-1,1,-1.0,1.0,1.0
AR,Alice L. Walton School of Medicine,Microbiology,BIOL,Recommended,"We require 24 hours of math and science course work, but recommend biology course work with a lab component. It is anticipated that applicants will have completed some of the recommended upper division courses.",,-1,1,-1.0,1.0,1.0
AR,Alice L. Walton School of Medicine,Molecular Biology,BIOL,Recommended,"We require 24 hours of math and science course work, but recommend biology course work with a lab component. It is anticipated that applicants will have completed some of the recommended upper division courses.",,-1,1,-1.0,1.0,1.0
AR,Alice L. Walton School of Medicine,Physics,PHYS,Recommended,"We require 24 hours of math and science course work, but recommend physics course work with a lab component. It is anticipated that applicants will have completed some of the recommended upper division courses.",,-1,1,-1.0,1.0,1.0
AR,Alice L. Walton School of Medicine,Physiology,BIOL,Recommended,"We require 24 hours of math and science course work, but recommend biology course work with a lab component. It is anticipated that applicants will have completed some of the recommended upper division courses.",,-1,1,-1.0,1.0,1.0
AR,Alice L. Walton School of Medicine,Psychology,BESS,Recommended,,,-1,1,-1.0,1.0,1.0
AR,Alice L. Walton School of Medicine,Sociology,BESS,Recommended,,,-1,1,-1.0,1.0,1.0
AR,Alice L. Walton School of Medicine,Statistics,MATH,Recommended,"We require 24 hours of math and science course work, but recommend statistics course work. It is anticipated that applicants will have completed some of the recommended upper division courses.",,-1,1,-1.0,1.0,1.0
AR,University of Arkansas for Medical Sciences College of Medicine,Biology,BIOL,Required,,6,-1,1,1.0,1.0,1.0
AR,University of Arkansas for Medical Sciences College of Medicine,Chemistry,CHEM,Required,Three semesters of chemistry to include one semester of organic chemistry and one semester of biochemistry.  Labs not required.,9,-1,1,1.0,1.0,1.0
AR,University of Arkansas for Medical Sciences College of Medicine,Composition & Rhetoric,ENGL,Required,English courses as listed on the applicant's academic transcript.  Writing intensive courses on a case-by-case basis.  Will accept Oral Communications for 3 credit hours.,6,-1,1,1.0,1.0,1.0
AR,University of Arkansas for Medical Sciences College of Medicine,Genetics,BIOL,Required,"Of the nine credit hours required for the biology coursework, one semester must be Genetics.",3,-1,1,1.0,1.0,1.0
AR,University of Arkansas for Medical Sciences College of Medicine,Physics,PHYS,Required,6 credit hours,6,-1,1,1.0,1.0,1.0
AR,University of Arkansas for Medical Sciences College of Medicine,Psychology,BESS,Required,"Psychology, sociology, anthropology, family studies, etc.",6,-1,1,1.0,1.0,1.0
AR,University of Arkansas for Medical Sciences College of Medicine,Statistics,MATH,Required,,3,-1,1,1.0,1.0,1.0
AZ,University of Arizona College of Medicine,Anatomy,BIOL,Required,Physiology/ Anatomy course 2 semesters or 3 quarters,,-1,0,1.0,1.0,1.0
AZ,University of Arizona College of Medicine,Biochemistry,CHEM,Required,Biochemistry (or 1 semester Biochemistry/1 semester of Genetics),,-1,0,1.0,1.0,1.0
AZ,University of Arizona College of Medicine,Biology,BIOL,Required,"Upper-division of any two from different disciplines of the following: Molecular Biology, Cell Biology, Histology, Microbiology, Pharmacology, Pathology, or Immunobiology OR can use 1 semester of any Genetics course if taken 2 semesters of Biochemistry (includes lower division)",,-1,0,1.0,1.0,1.0
AZ,University of Arizona College of Medicine,Composition & Rhetoric,ENGL,Required,English (or other writing intensive course) 2 semesters or 3 quarters,,-1,0,1.0,1.0,1.0
AZ,University of Arizona College of Medicine,Psychology,BESS,Required,"Social & Behavioral Sciences (e.g. Psychology, Sociology, Public Health) 1 semester or 2 quarters",,-1,0,1.0,1.0,1.0
AZ,University of Arizona College of Medicine,Statistics,MATH,Required,Statistics (Biostatistics recommended),,-1,0,1.0,1.0,1.0
AZ,University of Arizona College of Medicine - Phoenix,Biochemistry,CHEM,Required,,2,-1,-1,-1.0,1.0,1.0
AZ,University of Arizona College of Medicine - Phoenix,Biology,BIOL,Required,Two (2) courses in the biological sciences (one course in human or mammalian anatomy and physiology is strongly recommended).,4,-1,-1,1.0,1.0,1.0
AZ,University of Arizona College of Medicine - Phoenix,Chemistry,CHEM,Required,one additional course in any area of chemistry,2,-1,-1,1.0,1.0,1.0
AZ,University of Arizona College of Medicine - Phoenix,Composition & Rhetoric,ENGL,Required,Two (2) courses that are writing-intensive. These courses don't necessarily need to be within the English department but can be any courses that are designated as writing-intensive.,4,-1,-1,1.0,1.0,1.0
AZ,University of Arizona College of Medicine - Phoenix,Mathematics,MATH,Required,"A mathematics course more advanced than college algebra (e.g. statistics, precalculus, etc.)",2,-1,-1,1.0,1.0,1.0
CA,California Northstate University College of Medicine,Anatomy,BIOL,Recommended,,,-1,-1,-1.0,-1.0,-1.0
CA,California Northstate University College of Medicine,Biochemistry,CHEM,Required,"1 semester, 1 quarter, or 3 units of Biochemistry",3,-1,-1,-1.0,-1.0,1.0
CA,California Northstate University College of Medicine,Biology,BIOL,Required,"2 semesters, or 3 quarters, or 1 year of Biology with Laboratory",8,1,-1,-1.0,-1.0,1.0
CA,California Northstate University College of Medicine,Chemistry,CHEM,Required,"2 semesters, or 2 quarters of Organic Chemistry with a minimum of 8 units with Laboratory",6,1,-1,-1.0,-1.0,1.0
CA,California Northstate University College of Medicine,Immunology,BIOL,Recommended,,,-1,-1,-1.0,-1.0,-1.0
CA,California Northstate University College of Medicine,Inorganic Chemistry,CHEM,Required,"2 semesters, or 2 quarters of Inorganic (General) Chemistry with a minimum of 8 units with Laboratory",6,1,-1,-1.0,-1.0,1.0
CA,California Northstate University College of Medicine,Literature,ENGL,Required,"2 semesters, 3 quarters, or 1 year of college level English (IB or AP credits may be considered if they are accepted by the undergraduate program)",6,-1,-1,1.0,-1.0,1.0
CA,California Northstate University College of Medicine,Mathematics,MATH,Required,"2 semesters, or 3 quarters of college level Math (Statistics and/or Calculus preferred)",6,-1,-1,-1.0,-1.0,1.0
CA,California Northstate University College of Medicine,Physics,PHYS,Required,"2 semesters, or 3 quarters, or 1 year of Physics",6,-1,-1,-1.0,-1.0,1.0
CA,California Northstate University College of Medicine,Physiology,BIOL,Recommended,,,-1,-1,-1.0,-1.0,-1.0
CA,California University of Science and Medicine-School of Medicine,Biology,BIOL,Recommended,,12,1,1,1.0,1.0,1.0
CA,California University of Science and Medicine-School of Medicine,Chemistry,CHEM,Recommended,,12,1,1,1.0,1.0,1.0
CA,California University of Science and Medicine-School of Medicine,Literature,ENGL,Recommended,,12,-1,1,1.0,1.0,1.0
CA,California University of Science and Medicine-School of Medicine,Mathematics,MATH,Recommended,,12,-1,1,1.0,1.0,1.0
CA,California University of Science and Medicine-School of Medicine,Physics,PHYS,Recommended,,12,1,1,1.0,1.0,1.0
CA,California University of Science and Medicine-School of Medicine,Sociology,BESS,Recommended,,,-1,1,1.0,1.0,1.0
CA,California University of Science and Medicine-School of Medicine,Sociology,BESS,Recommended,,12,-1,1,1.0,1.0,1.0
CA,Charles R. Drew University of Medicine and Science College of Medicine,Biochemistry,CHEM,Recommended,,3,-1,-1,-1.0,1.0,1.0
CA,Charles R. Drew University of Medicine and Science College of Medicine,Biology,BIOL,Required,,6,1,-1,-1.0,1.0,1.0
CA,Charles R. Drew University of Medicine and Science College of Medicine,Chemistry,CHEM,Required,,6,1,-1,-1.0,1.0,1.0
CA,Charles R. Drew University of Medicine and Science College of Medicine,Composition & Rhetoric,ENGL,Required,,4,-1,-1,-1.0,1.0,1.0
CA,Charles R. Drew University of Medicine and Science College of Medicine,Mathematics,MATH,Required,Calculus,4,-1,-1,1.0,1.0,1.0
CA,Charles R. Drew University of Medicine and Science College of Medicine,Organic Chemistry,CHEM,Required,,6,1,-1,-1.0,-1.0,1.0
CA,Charles R. Drew University of Medicine and Science College of Medicine,Physics,PHYS,Required,,4,1,-1,-1.0,1.0,1.0
CA,Charles R. Drew University of Medicine and Science College of Medicine,Psychology,BESS,Recommended,,3,-1,-1,-1.0,1.0,1.0
CA,Charles R. Drew University of Medicine and Science College of Medicine,Sociology,BESS,Recommended,,3,-1,-1,-1.0,1.0,1.0
CA,Kaiser Permanente Bernard J. Tyson School of Medicine,Biochemistry,CHEM,Recommended,,,-1,0,0.0,1.0,1.0
CA,Kaiser Permanente Bernard J. Tyson School of Medicine,Biology,BIOL,Required,KPSOM accepts all courses listed under the Biology course requirement section of the AMCAS Course Classifications.,,1,0,0.0,0.0,1.0
CA,Kaiser Permanente Bernard J. Tyson School of Medicine,Chemistry,CHEM,Required,KPSOM accepts all courses listed under the Chemistry section of the AMCAS Course Classifications Guide,,1,0,0.0,0.0,1.0
CA,Kaiser Permanente Bernard J. Tyson School of Medicine,Composition & Rhetoric,ENGL,Required,KPSOM accepts all courses listed under the English Language and Literature (ENGL) section of the AMCAS Course Classifications Guide.,,-1,0,0.0,1.0,1.0
CA,Kaiser Permanente Bernard J. Tyson School of Medicine,Physics,PHYS,Required,KPSOM accepts all courses listed under the Biology section of the AMCAS Course Classifications Guide,,1,0,0.0,0.0,1.0
CA,Kaiser Permanente Bernard J. Tyson School of Medicine,Sociology,BESS,Required,KPSOM accepts all courses listed under the Behavioral and Social Sciences section of the AMCAS Course Classifications Guide,,-1,0,0.0,1.0,1.0
CA,Kaiser Permanente Bernard J. Tyson School of Medicine,Statistics,MATH,Recommended,,,-1,0,0.0,1.0,1.0
CA,Keck School of Medicine of the University of Southern California,Statistics,MATH,Recommended,,,-1,1,1.0,1.0,1.0
CA,Loma Linda University School of Medicine,Biochemistry,CHEM,Required,One academic term. Organic Chemistry may not be substituted for this requirement. We will accept Pass/Fail for coursework taken during the winter/spring 2020 academic terms only.,3,-1,-1,-1.0,1.0,1.0
CA,Loma Linda University School of Medicine,Biology,BIOL,Required,One year sequence. We will accept Pass/Fail for coursework taken during the winter/spring 2020 academic terms only.,,1,-1,-1.0,1.0,1.0
CA,Loma Linda University School of Medicine,Chemistry,CHEM,Required,One year sequence each of General Chemistry and Organic Chemistry. We will accept Pass/Fail for coursework taken during the winter/spring 2020 academic terms only.,,1,-1,-1.0,1.0,1.0
CA,Loma Linda University School of Medicine,Physics,PHYS,Required,One year sequence. We will accept Pass/Fail for coursework taken during the winter/spring 2020 academic terms only.,,1,-1,-1.0,1.0,1.0
CA,Stanford University School of Medicine,Biology,BIOL,Recommended,,,1,1,1.0,1.0,1.0
CA,Stanford University School of Medicine,Chemistry,CHEM,Recommended,,,1,1,1.0,1.0,1.0
CA,Stanford University School of Medicine,Mathematics,MATH,Recommended,,,1,1,1.0,1.0,1.0
CA,Stanford University School of Medicine,Physics,PHYS,Recommended,,,1,1,1.0,1.0,1.0
CA,"University of California, Davis, School of Medicine",Biochemistry,CHEM,Required,Organic Chemistry (full year) or a combination of Organic Chemistry & Biochemistry to meet the minimum credit hour requirement.,8,1,1,0.0,1.0,1.0
CA,"University of California, Davis, School of Medicine",Biology,BIOL,Required,General Biology coursework,8,1,1,0.0,1.0,1.0
CA,"University of California, Davis, School of Medicine",Chemistry,CHEM,Required,General chemistry coursework,8,1,1,0.0,1.0,1.0
CA,"University of California, Davis, School of Medicine",Physics,PHYS,Required,General Physics coursework,8,1,1,0.0,1.0,1.0
CA,"University of California, Irvine, School of Medicine",Anatomy,BIOL,Recommended,,,-1,1,-1.0,1.0,1.0
CA,"University of California, Irvine, School of Medicine",Biology,BIOL,Required,"3 semesters or 5 quarters, must include one upper division course - we do not accept psychobiology, behavioral-based courses, evolution, ecology, plant biology, animal biology, or AP credit; upper division courses can only be taken at an accredited 4-year institution",,-1,1,-1.0,1.0,1.0
CA,"University of California, Irvine, School of Medicine",Biostatistics,MATH,Recommended,,,-1,1,1.0,1.0,1.0
CA,"University of California, Irvine, School of Medicine",Chemistry,CHEM,Required,"4 semesters or 6 quarters, including general/inorganic chemistry, organic chemistry, AND biochemistry; AP score of greater than 3 is accepted",,-1,1,1.0,1.0,1.0
CA,"University of California, Irvine, School of Medicine",Composition & Rhetoric,ENGL,Recommended,,,-1,1,1.0,1.0,1.0
CA,"University of California, Irvine, School of Medicine",Immunology,BIOL,Recommended,,,-1,1,-1.0,1.0,1.0
CA,"University of California, Irvine, School of Medicine",Literature,ENGL,Required,"1 semester or quarter in any humanities (literature, history, philosophy, language, art; AP score 3 or greater is accepted)",,-1,1,1.0,1.0,1.0
CA,"University of California, Irvine, School of Medicine",Microbiology,BIOL,Recommended,,,-1,1,-1.0,1.0,1.0
CA,"University of California, Irvine, School of Medicine",Neuroscience,BIOL,Recommended,,,-1,1,-1.0,1.0,1.0
CA,"University of California, Irvine, School of Medicine",Physics,PHYS,Required,2 semesters or 3 quarters; AP score 3 or greater is accepted,,-1,1,1.0,1.0,1.0
CA,"University of California, Irvine, School of Medicine",Psychology,BESS,Recommended,,,-1,1,1.0,1.0,1.0
CA,"University of California, Los Angeles David Geffen School of Medicine",Anthropology,BESS,Recommended,,,-1,-1,1.0,0.0,1.0
CA,"University of California, Los Angeles David Geffen School of Medicine",Applied Mathematics,MATH,Recommended,,,-1,-1,1.0,0.0,1.0
CA,"University of California, Los Angeles David Geffen School of Medicine",Biochemistry,CHEM,Recommended,,,1,-1,1.0,0.0,1.0
CA,"University of California, Los Angeles David Geffen School of Medicine",Biostatistics,MATH,Recommended,,,-1,-1,1.0,0.0,1.0
CA,"University of California, Los Angeles David Geffen School of Medicine",Cell Biology,BIOL,Recommended,,,1,-1,1.0,0.0,1.0
CA,"University of California, Los Angeles David Geffen School of Medicine",Chemistry,CHEM,Recommended,,,1,-1,1.0,0.0,1.0
CA,"University of California, Los Angeles David Geffen School of Medicine",Economics,BESS,Recommended,,,-1,-1,1.0,0.0,1.0
CA,"University of California, Los Angeles David Geffen School of Medicine",Genetics,BIOL,Recommended,,,1,-1,1.0,0.0,1.0
CA,"University of California, Los Angeles David Geffen School of Medicine",Molecular Biology,BIOL,Recommended,,,1,-1,1.0,0.0,1.0
CA,"University of California, Los Angeles David Geffen School of Medicine",Physics,PHYS,Recommended,,,1,-1,1.0,0.0,1.0
CA,"University of California, Los Angeles David Geffen School of Medicine",Physiology,BIOL,Recommended,,,-1,-1,1.0,0.0,1.0
CA,"University of California, Los Angeles David Geffen School of Medicine",Psychology,BESS,Recommended,,,-1,-1,1.0,0.0,1.0
CA,"University of California, Los Angeles David Geffen School of Medicine",Sociology,BESS,Recommended,,,-1,-1,1.0,0.0,1.0
CA,"University of California, Los Angeles David Geffen School of Medicine",Statistics,MATH,Recommended,,,-1,-1,1.0,0.0,1.0
CA,"University of California, Riverside School of Medicine",Biology,BIOL,Required,"All courses that are categorized under the ""biology"" section of the AMCAS course classification guide satisfy the requirements of UCR SOM's program prerequisites. Included credit hours are based on semester hours. Lab hours will count towards total semester hours, however, labs are optional.",8,-1,0,1.0,0.0,1.0
CA,"University of California, Riverside School of Medicine",Chemistry,CHEM,Required,"All courses that are categorized under the ""chemistry"" section of the AMCAS course classification guide satisfy the requirements of UCR SOM's program prerequisites. Included credit hours are based on semester hours. Lab hours will count towards total semester hours, however, labs are optional.",16,-1,0,1.0,0.0,1.0
CA,"University of California, Riverside School of Medicine",Mathematics,MATH,Required,"All courses that are categorized under the ""mathematics"" section of the AMCAS course classification guide satisfy the requirements of UCR SOM's program prerequisites. Included credit hours are based on semester hours. Lab hours will count towards total semester hours, however, labs are optional.",8,-1,0,1.0,0.0,1.0
CA,"University of California, Riverside School of Medicine",Physics,PHYS,Required,"All courses that are categorized under the ""physics"" section of the AMCAS course classification guide satisfy the requirements of UCR SOM's program prerequisites. Included credit hours are based on semester hours. Lab hours will count towards total semester hours, however, labs are optional.",8,-1,0,1.0,0.0,1.0
CA,"University of California, San Diego School of Medicine",Biochemistry,CHEM,Recommended,,,-1,0,1.0,1.0,1.0
CA,"University of California, San Diego School of Medicine",Biology,BIOL,Recommended,,,-1,0,1.0,1.0,1.0
CA,"University of California, San Diego School of Medicine",Chemistry,CHEM,Recommended,,,-1,0,1.0,1.0,1.0
CA,"University of California, San Diego School of Medicine",Mathematics,MATH,Recommended,,,-1,0,1.0,1.0,1.0
CA,"University of California, San Diego School of Medicine",Physics,PHYS,Recommended,,,-1,0,1.0,1.0,1.0
CA,"University of California, San Diego School of Medicine",Statistics,MATH,Recommended,,,-1,0,1.0,1.0,1.0
CA,"University of California, San Francisco, School of Medicine",Biochemistry,CHEM,Required,One (1) semester or quarter of colleve-level Biochemistry.,,-1,1,-1.0,1.0,1.0
CA,"University of California, San Francisco, School of Medicine",Biology,BIOL,Required,Two (2) semesters or three (3) quarters of college-level Biology with laboratory.,,1,1,-1.0,1.0,1.0
CA,"University of California, San Francisco, School of Medicine",Chemistry,CHEM,Required,One (1) semester or two (2) quarters of college-level Chemistry.,,-1,1,1.0,1.0,1.0
CA,"University of California, San Francisco, School of Medicine",Inorganic Chemistry,CHEM,Recommended,One (1) semester or two (2) quarters of college-level Inorganic Chemistry.,,1,1,-1.0,1.0,1.0
CA,"University of California, San Francisco, School of Medicine",Organic Chemistry,CHEM,Required,One (1) semester of college-level organic chemistry with laboratory.,,1,1,-1.0,1.0,1.0
CA,"University of California, San Francisco, School of Medicine",Physics,PHYS,Required,One (1) semester or two (2) quarters of college-level Physics.,,-1,1,1.0,1.0,1.0
CT,Frank H. Netter MD School of Medicine at Quinnipiac University,Biochemistry,CHEM,Required,"ONE course of Biochemistry is required. Course may be one semester/trimester/quarter based on the calendar of the institution. Because different institutions use different credit hours, no specific credit hours will be listed below.",,-1,0,1.0,0.0,1.0
CT,Frank H. Netter MD School of Medicine at Quinnipiac University,Biology,BIOL,Required,"TWO courses of Biology are required. Courses may each be one semester/trimester/quarter based on the calendar of the institution. Because different institutions use different credit hours, no specific credit hours will be listed below.",0,1,0,1.0,0.0,1.0
CT,Frank H. Netter MD School of Medicine at Quinnipiac University,Chemistry,CHEM,Required,"THREE courses of Chemistry, including one of Organic Chemistry, are required. Courses may each be one semester/trimester/quarter based on the calendar of the institution. Because different institutions use different credit hours, no specific credit hours will be listed below.",,1,0,1.0,0.0,1.0
CT,Frank H. Netter MD School of Medicine at Quinnipiac University,Composition & Rhetoric,ENGL,Required,"TWO writing-based courses are required. Courses typically come through Humanities or Social Science departments. Courses may each be one semester/trimester/quarter based on the calendar of the institution. Because different institutions use different credit hours, no specific credit hours will be listed below. If courses are not delivered though an English department, syllabuses for courses should be added to the applicant's Secondary Application portal.",,-1,0,1.0,0.0,1.0
CT,Frank H. Netter MD School of Medicine at Quinnipiac University,Mathematics,MATH,Required,"TWO courses of either Mathematics, Statistics, or Biostatistics are required. Courses may each be one semester/trimester/quarter based on the calendar of the institution. Because different institutions use different credit hours, no specific credit hours will be listed below.",,-1,0,1.0,0.0,1.0
CT,Frank H. Netter MD School of Medicine at Quinnipiac University,Physics,PHYS,Required,"TWO courses of Physics are required. Courses may each be one semester/trimester/quarter based on the calendar of the institution. Because different institutions use different credit hours, no specific credit hours will be listed below.",,-1,0,1.0,0.0,1.0
CT,University of Connecticut School of Medicine,Biology,BIOL,Required,"Biology or Zoology, 1 year of college credit with lab.",0,1,0,-1.0,0.0,1.0
CT,University of Connecticut School of Medicine,Chemistry,CHEM,Required,2 years of college credit with lab with at least 1 semester being Organic Chemistry,,1,0,-1.0,0.0,1.0
CT,University of Connecticut School of Medicine,Literature,ENGL,Required,1 year of college credit - courses in composition and literature are strongly recommended,,-1,0,-1.0,0.0,1.0
CT,University of Connecticut School of Medicine,Physics,PHYS,Required,1 year of college credit with lab,,1,0,-1.0,0.0,1.0
CT,Yale School of Medicine,Biology,BIOL,Required,All applicants must complete a full year of general biology or zoology with a lab (2 semesters). We will accept advanced or higher-level biology courses (such as Genetics or Cell Biology) toward this requirement. Preparation in biology should emphasize human biology and principles of systems biology.,,1,1,1.0,1.0,1.0
CT,Yale School of Medicine,Chemistry,CHEM,Required,"All applicants must complete a full year of general chemistry with lab (2 semesters), one semester of organic chemistry with lab and one semester of biochemistry (lab recommended, but not required). Preparation in chemistry should include exposure to general chemistry, organic chemistry, and biochemistry in a sequence that provides the foundation for the study of biologically relevant chemistry.",,1,1,1.0,1.0,1.0
CT,Yale School of Medicine,Physics,PHYS,Required,"All applicants must complete a full year of general physics with lab (2 semesters). Preparation in physics should focus on biologically relevant areas of mechanics, kinetics, thermodynamics, the properties of matter (quantum theory) and wave theory, electricity and magnetism, and optics.",,1,1,1.0,1.0,1.0
DC,George Washington University School of Medicine & Health Sciences,Biochemistry,CHEM,Recommended,Inorganic chemistry recommended.  Online for Fall 2020 and Spring 2021 coursework acceptable for all recommended courses in all areas.  Note: This School has progressed to a competency-based admissions process.,4,1,-1,-1.0,-1.0,-1.0
DC,George Washington University School of Medicine & Health Sciences,Biology,BIOL,Recommended,Any upper level biology.  Online for Fall 2020 and Spring 2021 coursework acceptable for all recommended courses in all areas.  Note: This School has progressed to a competency-based admissions process.,4,1,-1,-1.0,-1.0,-1.0
DC,George Washington University School of Medicine & Health Sciences,Chemistry,CHEM,Recommended,Organic Chemistry.  Online for Fall 2020 and Spring 2021 coursework acceptable for all recommended courses in all areas. Note: This School has progressed to a competency-based admissions process.,4,1,-1,-1.0,-1.0,-1.0
DC,George Washington University School of Medicine & Health Sciences,Literature,ENGL,Recommended,Any English course or eventual graduation from a US or Canadian undergraduate institution.  Online for Fall 2020 and Spring 2021 coursework acceptable.  Note: This School has progressed to a competency-based admissions process.,3,-1,-1,-1.0,-1.0,1.0
DC,George Washington University School of Medicine & Health Sciences,Mathematics,MATH,Recommended,College mathematics or statistics.  Online for Fall 2020 and Spring 2021 coursework acceptable for all recommended courses in all areas.  Note: This School has progressed to a competency-based admissions process.,3,-1,-1,-1.0,-1.0,-1.0
DC,George Washington University School of Medicine & Health Sciences,Physics,PHYS,Recommended,Online for Fall 2020 and Spring 2021 coursework acceptable for all recommended courses in all areas.  Note: This School has progressed to a competency-based admissions process.,4,1,-1,-1.0,-1.0,-1.0
DC,George Washington University School of Medicine & Health Sciences,Sociology,BESS,Recommended,"3 credits in ANY of the following recommended:  Anthropology, Economics, Family Studies, Psychology or Sociology.    Online for Fall 2020 and Spring 2021.  coursework acceptable for all recommended courses in all areas.  Note: This School has progressed to a competency-based admissions process.",3,-1,1,-1.0,-1.0,1.0
DC,Georgetown University School of Medicine,Biochemistry,CHEM,Recommended,Biochemistry (lab not required) may replace a second semester of Organic Chemistry with lab.,3,-1,1,1.0,1.0,1.0
DC,Georgetown University School of Medicine,Biology,BIOL,Required,,8,1,-1,1.0,1.0,1.0
DC,Georgetown University School of Medicine,Chemistry,CHEM,Required,General Chemistry I and II & Organic Chemistry I and II.,16,1,-1,1.0,1.0,1.0
DC,Georgetown University School of Medicine,Mathematics,MATH,Required,College Algebra level or higher,3,-1,1,1.0,1.0,1.0
DC,Georgetown University School of Medicine,Physics,PHYS,Required,,8,1,-1,1.0,1.0,1.0
DC,Howard University College of Medicine,Biochemistry,CHEM,Required,1 semester of Biochemistry.,3,-1,1,1.0,1.0,1.0
DC,Howard University College of Medicine,Biology,BIOL,Required,1 year of Biology is required including labs. (Biology 1 & 2),8,1,1,1.0,1.0,1.0
DC,Howard University College of Medicine,Chemistry,CHEM,Required,"1 year of General/Inorganic chemistry  with lab, and1 year of Organic Chemistry with lab",16,1,1,1.0,1.0,1.0
DC,Howard University College of Medicine,Composition & Rhetoric,ENGL,Required,1 year of English required.  Writing intensive courses that satisfy your institutions second english requirement can be used as a substitution for our English 2 requirement.,6,-1,1,1.0,1.0,1.0
DC,Howard University College of Medicine,Mathematics,MATH,Required,"1 year of Mathematics, any college level math courses including statistics.",6,-1,1,1.0,1.0,1.0
DC,Howard University College of Medicine,Physical Chemistry,CHEM,Required,"Organic chemistry with lab, 2 semesters",8,1,1,-1.0,1.0,1.0
DC,Howard University College of Medicine,Physics,PHYS,Required,1 year of Physics 1 & 2 with lab.,8,1,1,1.0,1.0,1.0
DC,Howard University College of Medicine,Psychology,BESS,Required,"Humanities courses or social sciences, 1 year, which may be additional English course work, Languages, Art, Music, History, Philosophy, Religion, Sociology, Psychology, etc.",6,-1,1,1.0,1.0,1.0
DC,Howard University College of Medicine,Sociology,BESS,Required,"1 year of humanities courses or social sciences, which may be additional English course work, Languages, Art, Music, History, Philosophy, Religion, Sociology, Psychology, etc.",6,-1,1,1.0,1.0,1.0
FL,Charles E. Schmidt College of Medicine at Florida Atlantic University,Biochemistry,CHEM,Recommended,Biochemistry is strongly recommended. One semester of biochemistry may be substituted for the second semester of organic chemistry.,4,1,-1,-1.0,-1.0,1.0
FL,Charles E. Schmidt College of Medicine at Florida Atlantic University,Biology,BIOL,Required,The Admissions Committee prefers this course be taken within 5 years of the application date.,8,1,-1,1.0,-1.0,1.0
FL,Charles E. Schmidt College of Medicine at Florida Atlantic University,Chemistry,CHEM,Required,Organic Chemistry 1 & 2,8,1,-1,-1.0,-1.0,1.0
FL,Charles E. Schmidt College of Medicine at Florida Atlantic University,Genetics,BIOL,Recommended,,4,1,-1,-1.0,1.0,1.0
FL,Charles E. Schmidt College of Medicine at Florida Atlantic University,Mathematics,MATH,Required,,6,-1,-1,1.0,0.0,1.0
FL,Charles E. Schmidt College of Medicine at Florida Atlantic University,Physical Chemistry,CHEM,Required,General Chemistry 1 & 2,8,1,-1,1.0,-1.0,1.0
FL,Charles E. Schmidt College of Medicine at Florida Atlantic University,Physics,PHYS,Required,,8,1,-1,1.0,-1.0,0.0
FL,Charles E. Schmidt College of Medicine at Florida Atlantic University,Psychology,BESS,Recommended,,3,-1,-1,1.0,1.0,1.0
FL,Florida International University Herbert Wertheim College of Medicine,Biochemistry,CHEM,Required,Organic Chemistry with laboratory (satisfied by either Organic Chemistry 1 and 2 or Organic Chemistry 1 and Biochemistry) - 2 semesters,8,1,1,1.0,1.0,1.0
FL,Florida International University Herbert Wertheim College of Medicine,Biology,BIOL,Required,,8,1,1,1.0,1.0,1.0
FL,Florida International University Herbert Wertheim College of Medicine,Chemistry,CHEM,Required,,8,1,1,1.0,1.0,1.0
FL,Florida International University Herbert Wertheim College of Medicine,Composition & Rhetoric,ENGL,Required,"2 Semesters Writing Intensive Courses (i.e. English, Humanities, Social Sciences)",6,-1,1,1.0,1.0,1.0
FL,Florida International University Herbert Wertheim College of Medicine,Mathematics,MATH,Required,2 semesters satisfied by any Mathematics or Statistics Courses,6,-1,1,1.0,1.0,1.0
FL,Florida International University Herbert Wertheim College of Medicine,Physics,PHYS,Required,,8,1,1,1.0,1.0,1.0
FL,Florida State University College of Medicine,Biochemistry,CHEM,Required,"The Biochemistry course MUST require at least one Organic Chemistry course as a pre-requisite. Additionally, one credit of Biochemistry Lab is PREFERRED, but not required.",3,-1,0,1.0,1.0,1.0
FL,Florida State University College of Medicine,Biology,BIOL,Required,,8,1,0,1.0,0.0,1.0
FL,Florida State University College of Medicine,Cell Biology,BIOL,Recommended,,3,-1,0,1.0,1.0,1.0
FL,Florida State University College of Medicine,Chemistry,CHEM,Required,Organic Chemistry is the required Chemistry course,4,1,0,1.0,0.0,1.0
FL,Florida State University College of Medicine,Composition & Rhetoric,ENGL,Required,,6,-1,0,1.0,1.0,1.0
FL,Florida State University College of Medicine,Genetics,BIOL,Recommended,,3,-1,0,1.0,1.0,1.0
FL,Florida State University College of Medicine,Mathematics,MATH,Required,College level mathematics is required. Statistics is recommended as 3 of the required 6 credit hours,6,1,0,1.0,1.0,1.0
FL,Florida State University College of Medicine,Physics,PHYS,Required,,8,-1,0,1.0,1.0,1.0
FL,Florida State University College of Medicine,Psychology,BESS,Recommended,,3,-1,0,1.0,1.0,1.0
FL,Florida State University College of Medicine,Sociology,BESS,Recommended,,3,-1,0,,,
FL,Nova Southeastern University Dr. Kiran C. Patel College of Allopathic Medicine,Biochemistry,CHEM,Required,Biochemistry: 1 semester with or without lab,,-1,-1,1.0,0.0,1.0
FL,Nova Southeastern University Dr. Kiran C. Patel College of Allopathic Medicine,Biology,BIOL,Required,Introduction to Biology: 2 semesters (or equivalent) with lab,,1,-1,1.0,0.0,1.0
FL,Nova Southeastern University Dr. Kiran C. Patel College of Allopathic Medicine,Chemistry,CHEM,Required,General Chemistry: 2 semesters (or equivalent) with labOrganic Chemistry: 2 semesters (or equivalent) with lab,,1,-1,1.0,0.0,1.0
FL,Nova Southeastern University Dr. Kiran C. Patel College of Allopathic Medicine,Mathematics,MATH,Required,Mathematics (college level): 1 semester (or equivalent). Calculus is not required. Statistics is acceptable.,,-1,0,1.0,0.0,1.0
FL,Nova Southeastern University Dr. Kiran C. Patel College of Allopathic Medicine,Physics,PHYS,Required,General Physics: 2 semesters (or equivalent) with or without lab,,-1,-1,1.0,0.0,1.0
FL,University of Central Florida College of Medicine,Anatomy,BIOL,Recommended,,,1,1,1.0,1.0,1.0
FL,University of Central Florida College of Medicine,Anthropology,BESS,Recommended,,,-1,1,1.0,1.0,1.0
FL,University of Central Florida College of Medicine,Biochemistry,CHEM,Recommended,"Labs are encouraged but not required, depending on availability at the primary undergraduate institution.",3,-1,1,1.0,1.0,1.0
FL,University of Central Florida College of Medicine,Biology,BIOL,Required,,,1,1,1.0,1.0,1.0
FL,University of Central Florida College of Medicine,Cell Biology,BIOL,Recommended,,,1,1,1.0,1.0,1.0
FL,University of Central Florida College of Medicine,Chemistry,CHEM,Required,General Chemistry I and II,8,1,1,1.0,1.0,1.0
FL,University of Central Florida College of Medicine,Composition & Rhetoric,ENGL,Required,Earned credit through the second level of English Composition.,6,-1,1,1.0,1.0,1.0
FL,University of Central Florida College of Medicine,Genetics,BIOL,Recommended,,,1,1,1.0,1.0,1.0
FL,University of Central Florida College of Medicine,Mathematics,MATH,Required,College Algebra level or higher.,6,-1,1,1.0,1.0,1.0
FL,University of Central Florida College of Medicine,Microbiology,BIOL,Recommended,,,1,1,1.0,1.0,1.0
FL,University of Central Florida College of Medicine,Organic Chemistry,CHEM,Required,,4,1,1,1.0,1.0,1.0
FL,University of Central Florida College of Medicine,Physics,PHYS,Required,Algebra or Calculus-based courses are accepted,8,1,1,1.0,1.0,1.0
FL,University of Central Florida College of Medicine,Physiology,BIOL,Recommended,,,1,1,1.0,1.0,1.0
FL,University of Central Florida College of Medicine,Psychology,BESS,Recommended,,,-1,1,1.0,1.0,1.0
FL,University of Central Florida College of Medicine,Sociology,BESS,Recommended,,,-1,1,1.0,1.0,1.0
FL,University of Central Florida College of Medicine,Statistics,MATH,Recommended,,,-1,1,1.0,1.0,1.0
FL,University of Florida College of Medicine,Biochemistry,CHEM,Required,"An upper division biochemistry is required. The course should be appropriate to a biology or chemistry major, or premedical track, and have at least biology I and organic chemistry I as prerequisites.",3,-1,-1,-1.0,1.0,-1.0
FL,University of Florida College of Medicine,Biology,BIOL,Required,General Biology I and II with Labs or equivalent accelerated course or sequence approved by the undergraduate institution for a premedical track or biological sciences major.,8,1,-1,0.0,1.0,1.0
FL,University of Florida College of Medicine,Chemistry,CHEM,Required,"General Chemistry I and II with Labs or equivalent accelerated course or sequence approved by the undergraduate institution for a premedical, biology or chemistry track.",8,1,-1,0.0,1.0,1.0
FL,University of Florida College of Medicine,Physics,PHYS,Required,"General Physics I and II with Labs or equivalent accelerated course or sequence approved by the undergraduate institution to meet the physics requirement of a premedical track, or of a biology, chemistry, physics or engineering major.",8,1,-1,0.0,1.0,1.0
FL,University of Miami Leonard M. Miller School of Medicine,Biochemistry,CHEM,Required,"Biochemistry +/- Lab. This means a biochemistry course is required, but a biochemistry lab is only recommended.",,-1,-1,1.0,1.0,0.0
FL,University of Miami Leonard M. Miller School of Medicine,Biology,BIOL,Required,Biology + Lab: 2 semesters/3 quarters,,1,-1,1.0,1.0,0.0
FL,University of Miami Leonard M. Miller School of Medicine,Chemistry,CHEM,Required,Chemistry + Lab: 2 Semesters/3 Quarters &Organic Chemistry + Lab: 2 Semesters/3 Quarters,,1,-1,1.0,1.0,0.0
FL,University of Miami Leonard M. Miller School of Medicine,Composition & Rhetoric,ENGL,Required,English: 2 Semesters/3 Quarters,,-1,-1,1.0,1.0,1.0
FL,University of Miami Leonard M. Miller School of Medicine,Physics,PHYS,Required,Physics + Lab: 2 semesters/3 quarters,,1,-1,1.0,1.0,0.0
FL,University of Miami Leonard M. Miller School of Medicine,Psychology,BESS,Required,"Required: 2 Semesters/3 Quarters of Behavioral Science. Behavioral science may include such courses as anthropology, economics, family studies, psychology, and sociology.",,-1,-1,1.0,1.0,0.0
FL,USF Health Morsani College of Medicine,Biochemistry,CHEM,Required,,3,-1,-1,1.0,0.0,1.0
FL,USF Health Morsani College of Medicine,Biology,BIOL,Required,,8,1,-1,1.0,0.0,1.0
FL,USF Health Morsani College of Medicine,Genetics,BIOL,Recommended,,,-1,-1,1.0,0.0,1.0
FL,USF Health Morsani College of Medicine,Mathematics,MATH,Required,,6,-1,-1,1.0,0.0,1.0
FL,USF Health Morsani College of Medicine,Physics,PHYS,Required,,8,1,-1,1.0,0.0,1.0
FL,USF Health Morsani College of Medicine,Psychology,BESS,Recommended,,,-1,-1,1.0,0.0,1.0
FL,USF Health Morsani College of Medicine,Zoology,BIOL,Recommended,,,-1,-1,1.0,0.0,1.0
GA,Emory University School of Medicine,Biology,BIOL,Required,Two semesters of Biology with lab,8,1,1,1.0,1.0,1.0
GA,Emory University School of Medicine,Chemistry,CHEM,Required,Two semesters of Chemistry with lab (8 hours) and two semesters of Organic Chemistry with lab (8 hours),16,1,1,1.0,1.0,1.0
GA,Emory University School of Medicine,Physics,PHYS,Required,Physics I and II,8,1,1,1.0,1.0,1.0
GA,Medical College of Georgia at Augusta University,Biology,BIOL,Required,"One academic year of General Biology or Zoology in college. If a student places out of general biology using AP credit and chooses to use the AP credit and not take a general biology course in college, the student must substitute one academic year of advanced Biology courses with lab.  Students must complete the laboratory requirement in college. Online coursework from a regionally accredited institution is acceptable. It must appear on the official transcript. Letter grades are preferred but pass/fail is acceptable if the coursework was completed at a regionally accredited institution.",,1,1,-1.0,1.0,1.0
GA,Medical College of Georgia at Augusta University,Chemistry,CHEM,Required,"One academic year of Chemistry during college. Of the year, one semester must be Organic Chemistry and one semester must be Biochemistry. AP credit may NOT be used to place out of this requirement. Online coursework is acceptable from a regionally accredited institution. It must appear on the official transcript. Letter grades are preferred but pass/fail is acceptable if the coursework was completed at a regionally accredited institution.",,-1,1,-1.0,1.0,1.0
GA,Medical College of Georgia at Augusta University,Literature,ENGL,Required,"One academic year of English. English, English-based Composition, Writing, Literature, or Communication are acceptable. Humanities courses may be used to meet one semester of this requirement. AP credit may be used to place out of this requirement. Online coursework is acceptable from a regionally accredited institution. It must appear on the official transcript. Letter grades are preferred but pass/fail is acceptable if the coursework was completed at a regionally accredited institution.",,-1,1,1.0,1.0,1.0
GA,Medical College of Georgia at Augusta University,Physics,PHYS,Required,One academic year of Physics with 2 semesters of lab. AP credit may be used to place out of this requirement. Online coursework is acceptable from a regionally accredited institution. It must appear on the official transcript. Letter grades are preferred but pass/fail is acceptable if the coursework was completed at a regionally accredited institution.,,1,1,1.0,1.0,1.0
GA,Medical College of Georgia at Augusta University,Statistics,MATH,Required,"One semester of Probability, Statistics, Biostatistics, or equivalent. Statistics, Probability or Biostatistics courses that have a STAT or MATH course number will automatically meet this requirement. Other courses that have a different prefix must be approved as equivalent by the undergraduate institution where the course was taken through the Pre-Med or Pre-Health advisor. If such an advisor is not available, the approval may be granted by any Math or Science chair at the institution. AP credit may be used to place out of this requirement. Online coursework is acceptable from a regionally accredited institution. It must appear on the official transcript. Letter grades are preferred but pass/fail is acceptable if the coursework was completed at a regionally accredited institution.",,-1,1,1.0,1.0,1.0
GA,Mercer University School of Medicine,Biochemistry,CHEM,Recommended,,,-1,-1,-1.0,1.0,1.0
GA,Mercer University School of Medicine,Biology,BIOL,Required,Those with AP credits must have taken advanced courses with lab in the same domain in college. Online laboratory sections accepted if completed during interruptions caused by COVID-19 pandemic.,8,-1,-1,0.0,0.0,1.0
GA,Mercer University School of Medicine,Chemistry,CHEM,Required,"8 hrs of General, Oragnic, and Inorganic Chemistry with lab. Those with AP credits must have taken advanced courses with lab in the same domain in college. Online laboratory credits accepted only if taken during the COVID-19 interruption. As for Organic Chemistry, those with AP credits must have taken advance courses with lab, such as Biochemistry. Biochem with lab may substitute for second organic semester. Online labs accepted only if taken during the COVID-19 interruption.",8,1,-1,1.0,1.0,1.0
GA,Mercer University School of Medicine,Genetics,BIOL,Recommended,Online laboratory component accepted during coronavirus pandemic.,,-1,-1,1.0,1.0,1.0
GA,Mercer University School of Medicine,Mathematics,MATH,Recommended,,,-1,-1,1.0,1.0,1.0
GA,Mercer University School of Medicine,Physics,PHYS,Required,AP credit may be used in place of one semester only of the Physics requirement. Online labs accepted only if taken during the COVID-19 interruption.,8,1,-1,1.0,1.0,1.0
GA,Mercer University School of Medicine,Psychology,BESS,Recommended,,,-1,-1,1.0,1.0,1.0
GA,Mercer University School of Medicine,Zoology,BIOL,Recommended,,,-1,-1,-1.0,1.0,1.0
GA,Morehouse School of Medicine,Biochemistry,CHEM,Recommended,A minimum of 3 semester hours or 5 quarter hours. Laboratory component is not required but may prove beneficial to the student,3,1,1,1.0,1.0,1.0
GA,Morehouse School of Medicine,Biology,BIOL,Required,A minimum of 8 semester hours with laboratory component or a minimum of 9 quarter hours with lab. Online coursework will be accepted for Spring semester 2019-2020 and Fall semester of 2020-2021.,8,1,1,1.0,1.0,1.0
GA,Morehouse School of Medicine,Genetics,BIOL,Recommended,A minimum of 3 semester hours or 5 quarter hours. Laboratory component is not required,3,-1,1,1.0,1.0,1.0
GA,Morehouse School of Medicine,Mathematics,MATH,Required,A minimum of 6 semester hours or 9 quarter hours. Require mathematics for science majors. Online coursework will be accepted for Spring semester 2019-2020 and Fall semester 2020-2021 academic years.,6,-1,1,1.0,1.0,1.0
GA,Morehouse School of Medicine,Physics,PHYS,Required,A minimum of 8 semester hours with lab or a minimum of 12 quarter hours with lab. Online coursework will be accepted if completed during Spring semester 2019-2020 and Fall semester of 2020-2021.,8,1,1,1.0,1.0,1.0
GA,Morehouse School of Medicine,Psychology,BESS,Recommended,A minimum of 3 semester hours or 5 quarter hours,2,-1,1,1.0,1.0,1.0
GA,Morehouse School of Medicine,Statistics,MATH,Recommended,A minimum of 3 semester hours or 5 quarter hours,,-1,1,1.0,1.0,1.0
HI,"University of Hawaii, John A. Burns School of Medicine",Biochemistry,CHEM,Required,"One course in biochemistry coursework (no lab required):  Function and composition of biological substances and their metabolic transformation in animals, plants, microorganisms.  Molecular basis of living processes in bacteria, plants, and animals; emphasis on metabolism of carbohydrates, lipids, proteins, and nucleic acids.",,-1,1,0.0,1.0,1.0
HI,"University of Hawaii, John A. Burns School of Medicine",Biology,BIOL,Required,"One academic year of biology coursework with lab:  Introductory biology for all life science majors.  Cell structure and chemistry; growth, reproduction, genetics, evolution, viruses, bacteria, and simple eukaryotes.  Must also include Anatomy, physiology, and systematics of plants and animals; behavior; ecosystems, populations, and communities.",,1,1,0.0,1.0,1.0
HI,"University of Hawaii, John A. Burns School of Medicine",Chemistry,CHEM,Required,"One academic year of general chemistry coursework with lab:  Basic principles of chemistry, including stoichiometry.  Introduction to solution phase chemistry.  Gas phase chemistry.  Thermodynamics, including enthalpies of formation and reaction.  Atomic structure, periodic trends, chemical bonding, molecular structure.One academic year of organic chemistry coursework with lab:  Molecular structure, stereochemistry, spectroscopy, mechanisms, reactions, and synthesis of organic compounds",,1,1,0.0,1.0,1.0
HI,"University of Hawaii, John A. Burns School of Medicine",Physics,PHYS,Required,"One academic year of physics with lab:  Non-calculus physics.  Mechanics, wave motion, heat.  Introduction to experimental analysis, physical observation and measurement, experiments on conservation laws, fluid friction, oscillations.  Must also include electricity, magnetism, optics, modern physics, electric and magnetic fields, DC and AC circuitry.",,1,1,0.0,1.0,1.0
IA,University of Iowa Roy J. and Lucille A. Carver College of Medicine,Biochemistry,CHEM,,"1 course that includes a comprehensive review of molecular structures and biochemistry of carbohydrates, nucleic acids and proteins, central metabolic pathways, enzyme functions, and metabolism of carbon based molecules.",,-1,1,1.0,1.0,1.0
IA,University of Iowa Roy J. and Lucille A. Carver College of Medicine,Biology,BIOL,,"2 semesters of introductory courses with labs, and 1 advanced course. Recommended advanced courses include molecular and cell biology, human physiology, genetics, microbiology.",,1,1,1.0,1.0,1.0
IA,University of Iowa Roy J. and Lucille A. Carver College of Medicine,Chemistry,CHEM,,"3 semesters of introductory courses, to include General and Organic with labs.",,1,1,1.0,1.0,1.0
IA,University of Iowa Roy J. and Lucille A. Carver College of Medicine,Composition & Rhetoric,ENGL,,"2 courses (composition and literature). If you satisfy the English requirement for your undergraduate degree program, you also satisfy our English requirement.",,-1,1,1.0,1.0,1.0
IA,University of Iowa Roy J. and Lucille A. Carver College of Medicine,Mathematics,MATH,,1 advanced mathematics course or statistics course.,,-1,1,1.0,1.0,1.0
IA,University of Iowa Roy J. and Lucille A. Carver College of Medicine,Physics,PHYS,,2 semesters of introductory courses with labs,,1,1,1.0,1.0,1.0
IA,University of Iowa Roy J. and Lucille A. Carver College of Medicine,Psychology,BESS,,"Social and Behavioral Sciences, Humanities: 4 courses. Applicants are encouraged to complete coursework that addresses social determinants of health. Recommended courses include behavioral psychology, sociology, ethics, philosophy, foreign language, and other non-science writing-intensive courses",,-1,1,1.0,1.0,1.0
IL,Carle Illinois College of Medicine,Biochemistry,CHEM,Recommended,The Biochemistry competency is demonstrated through one semester or equivalent of biochemistry. Biochemistry competency may be one of the nine out of 11 competencies required but is not required in and of itself.,,-1,1,0.0,0.0,1.0
IL,Carle Illinois College of Medicine,Biology,BIOL,Recommended,"The Biology and Advanced Biology competencies may be met through coursework:- Biology: two semesters or equivalent with lab- Advanced Biology: one semester or equivalentBoth of these competencies may be used for one or two of the required 9 of 11 competencies, but neither are required in and of themselves.",,1,1,0.0,0.0,1.0
IL,Carle Illinois College of Medicine,Chemistry,CHEM,Recommended,The Chemistry competency is demonstrated through three semesters or equivalent of general and/or organic chemistry with labs. Chemistry competency may be one of the nine out of 11 competencies required but is not required in and of itself.,,1,1,0.0,0.0,1.0
IL,Carle Illinois College of Medicine,Mathematics,MATH,Recommended,"There are FOUR competencies related to mathematics:- Calculus: two semesters or equivalent, with the higher-level course being equivalent to UIUC's MATH 231 (Calculus II)- Multivariate Calculus: one semester or equivalent, with course content comparable to UIUC's MATH 241 (Calculus III)- Differential Equations: one semester or equivalent, with course content comparable to UIUC's MATH 285 (Intro to Differential Equations)- Linear Algebra: one semester or equivalent, with course content comparable to UIUC's MATH 415 (Applied Linear Algebra) or MATH 257 (Linear Algebra with Computational Applications)One or more of these may be used to meet the required 9 of 11 competencies, but none are required in and of themselves.",,-1,1,0.0,0.0,1.0
IL,Carle Illinois College of Medicine,Physics,PHYS,Recommended,The Physics competency is met through two semesters or equivalent of physics coursework with lab. Physics competency may be one of the nine out of 11 competencies required but is not required in and of itself.,,1,1,0.0,0.0,1.0
IL,Carle Illinois College of Medicine,Sociology,BESS,Recommended,"The Humanities/Social Science competency may be met through one semester or equivalent of coursework in any humanities or social science discipline, with no preference for a particular subject. The Humanities/Social Science competency may be one of the nine out of 11 competencies required but is not required in and of itself.",,-1,1,0.0,0.0,1.0
IL,Carle Illinois College of Medicine,Statistics,MATH,Recommended,The Statistics competency may be met through one semester or equivalent of Statistics coursework. The Statistics competency may be used as one of the required 9 of 11 competencies but is not required in and of itself.,,-1,1,0.0,0.0,1.0
IL,Chicago Medical School at Rosalind Franklin University of Medicine & Science,Biology,BIOL,Required,One year Introductory Biology with accompanying laboratory,8,1,1,1.0,1.0,1.0
IL,Chicago Medical School at Rosalind Franklin University of Medicine & Science,Composition & Rhetoric,ENGL,Recommended,,6,-1,1,1.0,1.0,1.0
IL,Chicago Medical School at Rosalind Franklin University of Medicine & Science,Physics,PHYS,Required,One year Physics with accompanying laboratory,8,1,1,1.0,1.0,1.0
IL,Chicago Medical School at Rosalind Franklin University of Medicine & Science,Psychology,BESS,Required,First-year Psychology,3,-1,1,1.0,1.0,1.0
IL,Chicago Medical School at Rosalind Franklin University of Medicine & Science,Sociology,BESS,Required,"Introduction to Sociology or Introductory Sociology - Course should cover topics such as the study of society, culture, socialization, social institutions, stratification, and deviance, and they provide an introduction to both theoretical frameworks and research methods in sociology.",3,-1,1,1.0,1.0,1.0
IL,Chicago Medical School at Rosalind Franklin University of Medicine & Science,Statistics,MATH,Recommended,,3,-1,1,1.0,1.0,1.0
IL,Loyola University Chicago Stritch School of Medicine,Biology,BIOL,Required,"At least 8 credits in biology-based discipline with at least 1 lab course credit in biology-based course. Courses utilized often for this requirement are General Biology I and II, Biochemistry I, or upper level biology courses.",9,1,-1,-1.0,0.0,-1.0
IL,Loyola University Chicago Stritch School of Medicine,Chemistry,CHEM,Required,"At least 8 credits in a chemistry-based discipline/course AND at least 3 credits of Organic Chemistry (2 sequences of O-Chem are strongly recommended). This includes at least 1 lab course credit in chemistry based course. Courses that satisfy this requirement are often coded as General Chemistry I & II, Organic Chemistry I & II, or upper level chemistry courses.",12,1,-1,-1.0,0.0,-1.0
IL,Loyola University Chicago Stritch School of Medicine,Physics,PHYS,Recommended,,,-1,1,1.0,1.0,1.0
IL,Loyola University Chicago Stritch School of Medicine,Sociology,BESS,Recommended,Sociology or Psychology course work is strongly recommended.,,-1,1,1.0,1.0,1.0
IL,Northwestern University The Feinberg School of Medicine,Biochemistry,CHEM,Recommended,,8,1,1,1.0,1.0,1.0
IL,Northwestern University The Feinberg School of Medicine,Biology,BIOL,Required,,8,1,0,0.0,0.0,1.0
IL,Northwestern University The Feinberg School of Medicine,Chemistry,CHEM,Required,,8,1,0,0.0,0.0,1.0
IL,Northwestern University The Feinberg School of Medicine,Composition & Rhetoric,ENGL,Recommended,,,-1,1,1.0,1.0,1.0
IL,Northwestern University The Feinberg School of Medicine,Genetics,BIOL,Recommended,,,-1,1,1.0,1.0,1.0
IL,Northwestern University The Feinberg School of Medicine,Mathematics,MATH,Recommended,,,-1,1,1.0,1.0,1.0
IL,Northwestern University The Feinberg School of Medicine,Physics,PHYS,Required,,8,1,0,0.0,0.0,1.0
IL,Northwestern University The Feinberg School of Medicine,Psychology,BESS,Recommended,,,-1,1,1.0,1.0,1.0
IL,Northwestern University The Feinberg School of Medicine,Sociology,BESS,Recommended,,,-1,1,1.0,1.0,1.0
IL,Northwestern University The Feinberg School of Medicine,Statistics,MATH,Recommended,,,-1,1,1.0,1.0,1.0
IL,Rush Medical College of Rush University Medical Center,Biochemistry,CHEM,Required,One COURSE of Biochemistry is required. The course should focus on the application of chemistry to the study of biological processes at the cellular and molecular level.,,-1,0,-1.0,0.0,0.0
IL,Rush Medical College of Rush University Medical Center,Biology,BIOL,Required,"One academic YEAR of Biology is required, with one COURSE being Cell Biology or a related course with a primary focus on cellular biology (course title does not need to be specifically 'Cell Biology'). Additionally, one academic YEAR of lab work in Biology AND/OR Chemistry is required.",,1,0,-1.0,0.0,0.0
IL,Rush Medical College of Rush University Medical Center,Cell Biology,BIOL,Required,One COURSE of Cell Biology or a related course with a primary focus on cellular biology (course title does not need to be specifically 'Cell Biology') is required. The course should focus on the study of the structure and function of the cell.,,-1,0,-1.0,0.0,0.0
IL,Rush Medical College of Rush University Medical Center,Chemistry,CHEM,Required,"One academic YEAR of Chemistry is required, with one COURSE being Biochemistry. One COURSE of Organic Chemistry is recommended. Additionally, one academic YEAR of lab work in Chemistry AND/OR Biology is required.",,1,0,-1.0,0.0,0.0
IL,Rush Medical College of Rush University Medical Center,Composition & Rhetoric,ENGL,Required,One academic YEAR of English Composition is required.,,-1,0,-1.0,0.0,1.0
IL,Rush Medical College of Rush University Medical Center,Mathematics,MATH,Required,One COURSE of Algebra or higher-level math (with the exception of statistics) is required.,,-1,0,1.0,0.0,1.0
IL,Rush Medical College of Rush University Medical Center,Physics,PHYS,Required,One COURSE of Physics is required.,,-1,0,1.0,0.0,1.0
IL,Southern Illinois University School of Medicine,Biochemistry,CHEM,Recommended,Recommended,,1,1,1.0,0.0,1.0
IL,Southern Illinois University School of Medicine,Cell Biology,BIOL,Recommended,"SIU SOM has no required coursework in order to apply, however the courses listed are recommended.",,1,1,1.0,0.0,1.0
IL,Southern Illinois University School of Medicine,Chemistry,CHEM,Recommended,,,1,1,1.0,0.0,1.0
IL,Southern Illinois University School of Medicine,Genetics,BIOL,Recommended,Recommended not required,,1,1,1.0,0.0,1.0
IL,Southern Illinois University School of Medicine,Molecular Biology,BIOL,Recommended,Recommended not required,,1,1,1.0,0.0,1.0
IL,Southern Illinois University School of Medicine,Physics,PHYS,Recommended,,,1,1,1.0,0.0,1.0
IL,Southern Illinois University School of Medicine,Physiology,BIOL,Recommended,Recommended not required,,1,1,1.0,0.0,1.0
IL,Southern Illinois University School of Medicine,Statistics,MATH,Recommended,,,1,1,1.0,0.0,1.0
IL,University of Chicago Division of the Biological Sciences The Pritzker School of Medicine,Biochemistry,CHEM,Required,"Applicants must have a familiarity with biochemistry, which in turn requires a background in general and organic chemistry.Applicants will typically satisfy this requirement after completing one semester of organic chemistry and one semester of biochemistry, or a year-long integrated organic/biochemistry course, including one semester of lab.",,1,1,0.0,0.0,1.0
IL,University of Chicago Division of the Biological Sciences The Pritzker School of Medicine,Biology,BIOL,Required,"Required Biology Competencies: Gene expression, Cell Structure & Organization, Metabolism, Membrane Receptors, Signal Transduction & Signaling Pathways, Reproduction, Differentiation, Basic Physiology, ImmunologyThe Biology Competencies will typically be satisfied through a one-year college biology course with lab. Advanced biology coursework will also satisfy these requirements where an applicant has tested out of first-year college biology.",,1,1,0.0,0.0,1.0
IL,University of Chicago Division of the Biological Sciences The Pritzker School of Medicine,Mathematics,MATH,Required,"Required Mathematics Competencies: The ability to organize, analyze, and evaluate data is vital to medical and scientific education and investigation.The Mathematics Competencies will typically be satisfied through a college course in statistics or biomathematics. Coursework integrating biology, statistics and epidemiology with an emphasis on data analysis is encouraged.",,-1,1,0.0,0.0,1.0
IL,University of Chicago Division of the Biological Sciences The Pritzker School of Medicine,Physics,PHYS,Required,"Required Physics Competencies: Mechanics, Electricity, Magnetism, Optics, Thermodynamics, Quantum Theory, Nuclear TheoryThe Physics Competencies will typically be satisfied through a one-year college physics with lab sequence. Interdisciplinary courses with biological relevance are encouraged when available. Advanced placement may also satisfy these competencies.",,1,1,0.0,0.0,1.0
IL,University of Illinois College of Medicine,Biochemistry,CHEM,Required,Biochemistry must be completed at a 4-year-science-degree-granding institution.,3,1,0,-1.0,0.0,-1.0
IL,University of Illinois College of Medicine,Biology,BIOL,Required,Two courses of general biology with laboratory (AP credit accepted).One course of advanced-level biology (minimum 3 credit hours) is required in addition to the two courses of general biology. Advanced-level biology courses must be completed at a 4-year-science-degree-granting institution.,8,1,0,1.0,0.0,1.0
IL,University of Illinois College of Medicine,Chemistry,CHEM,Required,Two courses of general chemistry (or equivalent) with laboratory (8 credit hours)Two courses of organic chemistry with laboratory (8 credit hours) are also required. The second course of organic chemistry may be waived if it is not required by your institution as a prerequisite for biochemistry.,16,1,0,1.0,0.0,1.0
IL,University of Illinois College of Medicine,Physics,PHYS,Required,Two courses of general physics with laboratory.,8,-1,0,1.0,0.0,1.0
IL,University of Illinois College of Medicine,Sociology,BESS,Required,"Applicants must complete three courses in Behavioral/Social Sciences. This requirement can be met by Psychology, Ethics, Economics, Gender Studies, Sociology, etc. Please contact us directly if there is a question regarding meeting this requirement.",9,1,0,,0.0,
IN,Indiana University School of Medicine,Biochemistry,CHEM,Required,,3,-1,1,1.0,0.0,1.0
IN,Indiana University School of Medicine,Biology,BIOL,Required,,8,1,1,1.0,0.0,1.0
IN,Indiana University School of Medicine,Chemistry,CHEM,Required,,8,1,1,1.0,0.0,1.0
IN,Indiana University School of Medicine,Physical Chemistry,CHEM,Required,Organic chemistry,8,1,1,1.0,0.0,1.0
IN,Indiana University School of Medicine,Physics,PHYS,Required,,8,1,1,1.0,0.0,1.0
IN,Indiana University School of Medicine,Psychology,BESS,Required,,3,-1,1,1.0,1.0,1.0
IN,Indiana University School of Medicine,Sociology,BESS,Required,,3,-1,1,1.0,1.0,1.0
KS,University of Kansas School of Medicine,Anatomy,BIOL,Recommended,1 semester of Anatomy & Physiology recommended,3,-1,1,1.0,1.0,1.0
KS,University of Kansas School of Medicine,Biochemistry,CHEM,Recommended,Minimum one semester of biochemistry highly recommended.,3,-1,1,1.0,1.0,1.0
KS,University of Kansas School of Medicine,Biology,BIOL,Required,2 semesters of biological sciences at the level of a biology major.,8,1,1,1.0,1.0,1.0
KS,University of Kansas School of Medicine,Chemistry,CHEM,Required,2 semesters of inorganic (general) chemistry with labs.2 semesters of organic chemistry (with at least 1 lab).,16,1,1,1.0,1.0,1.0
KS,University of Kansas School of Medicine,Composition & Rhetoric,ENGL,Required,2 semesters of English composition or writing-intensive courses (sufficient credit for bachelor's degree),6,1,1,1.0,1.0,1.0
KS,University of Kansas School of Medicine,Immunology,BIOL,Recommended,1 semester recommended,3,-1,1,1.0,1.0,1.0
KS,University of Kansas School of Medicine,Physics,PHYS,Required,2 semesters of physics with lab (algebra or calculus based).,8,1,1,1.0,1.0,1.0
KY,University of Kentucky College of Medicine,Anatomy,BIOL,Recommended,,,-1,0,1.0,1.0,1.0
KY,University of Kentucky College of Medicine,Biology,BIOL,Required,,6,-1,0,1.0,1.0,1.0
KY,University of Kentucky College of Medicine,Biostatistics,MATH,Recommended,,,-1,0,1.0,1.0,1.0
KY,University of Kentucky College of Medicine,Chemistry,CHEM,Required,,12,-1,0,1.0,1.0,1.0
KY,University of Kentucky College of Medicine,Composition & Rhetoric,ENGL,Required,,6,-1,0,1.0,1.0,1.0
KY,University of Kentucky College of Medicine,Genetics,BIOL,Recommended,,,-1,0,1.0,1.0,1.0
KY,University of Kentucky College of Medicine,Physics,PHYS,Required,,6,-1,0,1.0,1.0,1.0
KY,University of Kentucky College of Medicine,Physiology,BIOL,Recommended,,,-1,0,1.0,1.0,1.0
KY,University of Kentucky College of Medicine,Psychology,BESS,Recommended,,,-1,0,1.0,1.0,1.0
KY,University of Louisville School of Medicine,Biochemistry,CHEM,Required,requirement is met by a one semester Biochemistry course.,3,-1,-1,1.0,1.0,1.0
KY,University of Louisville School of Medicine,Biology,BIOL,Required,"requirement is met by one semester of cellular biology with lab and one semester of organismic biology with lab. Survey courses (an introductory course of study that provides a general view of an academic subject) in anatomy and physiology cannot be substituted for this requirement. AP and IB Biology credit is not accepted toward this requirement. If your undergraduate institution accepted AP or IB Biology credit, two upper level Biology courses with labs are required.",8,1,-1,-1.0,1.0,1.0
KY,University of Louisville School of Medicine,Chemistry,CHEM,Required,requirement is met by a one-year sequence in general inorganic chemistry with labs.,8,1,-1,1.0,1.0,1.0
KY,University of Louisville School of Medicine,Composition & Rhetoric,ENGL,Required,"requirement is met by two semesters of writing, literature, and/or speech communication courses. AP and IB credit is acceptable for one semester only and cannot fulfill the requirement in full. One semester may be substituted with a writing intensive course.",6,-1,-1,1.0,1.0,1.0
KY,University of Louisville School of Medicine,Physical Chemistry,CHEM,Required,"requirement is met by a one-year sequence in organic chemistry, including all major categories of organic compounds. While organic laboratory courses are valuable for individual student goals and degree requirements, they are not required by our Admissions Committee.",6,-1,-1,1.0,1.0,1.0
KY,University of Louisville School of Medicine,Physics,PHYS,Required,"requirement is met by a one-year sequence in general physics with labs, including mechanics, electricity, heat, light and sound. Specialized courses in sub-disciplines cannot be substituted for any part of this requirement.",8,1,-1,1.0,1.0,1.0
KY,University of Louisville School of Medicine,Statistics,MATH,Recommended,"While not required, a course in statistical methods is recommended.",3,-1,-1,1.0,1.0,1.0
LA,Louisiana State University School of Medicine in New Orleans,Biochemistry,CHEM,Required,General Biochemistry,3,-1,0,1.0,1.0,1.0
LA,Louisiana State University School of Medicine in New Orleans,Biology,BIOL,Required,General Biology 1 and 2 with labs.,8,1,0,1.0,1.0,1.0
LA,Louisiana State University School of Medicine in New Orleans,Chemistry,CHEM,Required,General Chemistry 1 and 2 with corresponding labsOrganic Chemistry 1 and 2 with corresponding labs,16,1,0,1.0,1.0,1.0
LA,Louisiana State University School of Medicine in New Orleans,Composition & Rhetoric,ENGL,Required,General English 6 hours,6,-1,1,1.0,1.0,1.0
LA,Louisiana State University School of Medicine in New Orleans,Physics,PHYS,Required,General Physics 1 and 2 with corresponding labs,8,1,0,1.0,1.0,1.0
LA,Louisiana State University School of Medicine in New Orleans,Statistics,MATH,Required,General Statistics or Calculus.  This has to be a in Math.  Statistics courses in Psychology will not qualify.,3,-1,1,1.0,1.0,1.0
LA,Louisiana State University School of Medicine in Shreveport,Biochemistry,CHEM,Required,,3,1,0,1.0,0.0,0.0
LA,Louisiana State University School of Medicine in Shreveport,Biology,BIOL,Required,,12,1,0,1.0,0.0,0.0
LA,Louisiana State University School of Medicine in Shreveport,Biostatistics,MATH,Recommended,,,-1,0,1.0,0.0,1.0
LA,Louisiana State University School of Medicine in Shreveport,Cell Biology,BIOL,Recommended,,,-1,0,1.0,0.0,0.0
LA,Louisiana State University School of Medicine in Shreveport,Chemistry,CHEM,Required,,9,1,0,1.0,0.0,0.0
LA,Louisiana State University School of Medicine in Shreveport,Genetics,BIOL,Recommended,,,-1,0,1.0,0.0,0.0
LA,Louisiana State University School of Medicine in Shreveport,Histology,BIOL,Recommended,,,-1,0,1.0,0.0,0.0
LA,Louisiana State University School of Medicine in Shreveport,Immunology,BIOL,Recommended,,,-1,0,1.0,0.0,0.0
LA,Louisiana State University School of Medicine in Shreveport,Literature,ENGL,Required,"All coursework, not just Literature, taught by the English department will satisfy the English requirement.",6,-1,0,1.0,0.0,1.0
LA,Louisiana State University School of Medicine in Shreveport,Microbiology,BIOL,Recommended,,,-1,0,1.0,0.0,0.0
LA,Louisiana State University School of Medicine in Shreveport,Molecular Biology,BIOL,Recommended,,,-1,0,1.0,0.0,0.0
LA,Louisiana State University School of Medicine in Shreveport,Neuroscience,BIOL,Recommended,,,-1,0,1.0,0.0,0.0
LA,Louisiana State University School of Medicine in Shreveport,Physics,PHYS,Recommended,,,-1,0,1.0,0.0,0.0
LA,Louisiana State University School of Medicine in Shreveport,Physiology,BIOL,Recommended,,,-1,0,1.0,0.0,1.0
LA,Louisiana State University School of Medicine in Shreveport,Statistics,MATH,Recommended,,,-1,0,1.0,0.0,1.0
LA,Tulane University School of Medicine,Biochemistry,CHEM,Recommended,,,1,1,1.0,1.0,1.0
LA,Tulane University School of Medicine,Biology,BIOL,Recommended,,,1,1,1.0,1.0,1.0
LA,Tulane University School of Medicine,Chemistry,CHEM,Recommended,,,1,1,1.0,1.0,1.0
LA,Tulane University School of Medicine,Composition & Rhetoric,ENGL,Recommended,,,-1,1,1.0,1.0,1.0
LA,Tulane University School of Medicine,Genetics,BIOL,Recommended,,,-1,1,1.0,1.0,1.0
LA,Tulane University School of Medicine,Mathematics,MATH,Recommended,,,1,1,1.0,1.0,1.0
LA,Tulane University School of Medicine,Physics,PHYS,Recommended,,,1,1,1.0,1.0,1.0
LA,Tulane University School of Medicine,Psychology,BESS,Recommended,,,-1,1,1.0,1.0,1.0
LA,Tulane University School of Medicine,Sociology,BESS,Recommended,,,-1,1,1.0,1.0,1.0
LA,Tulane University School of Medicine,Statistics,MATH,Recommended,,,-1,1,1.0,1.0,1.0
MA,Boston University Aram V. Chobanian & Edward Avedisian School of Medicine,Biochemistry,CHEM,Recommended,,,1,-1,0.0,0.0,1.0
MA,Boston University Aram V. Chobanian & Edward Avedisian School of Medicine,Biology,BIOL,Required,,,1,-1,0.0,0.0,1.0
MA,Boston University Aram V. Chobanian & Edward Avedisian School of Medicine,Biostatistics,MATH,Recommended,,,-1,-1,0.0,0.0,1.0
MA,Boston University Aram V. Chobanian & Edward Avedisian School of Medicine,Chemistry,CHEM,Required,,,1,-1,0.0,0.0,1.0
MA,Boston University Aram V. Chobanian & Edward Avedisian School of Medicine,Composition & Rhetoric,ENGL,Required,Any writing intensive course(s) can be counted towards the English requirement.,,-1,-1,0.0,0.0,1.0
MA,Boston University Aram V. Chobanian & Edward Avedisian School of Medicine,Molecular Biology,BIOL,Recommended,,,-1,-1,0.0,0.0,1.0
MA,Boston University Aram V. Chobanian & Edward Avedisian School of Medicine,Physical Chemistry,CHEM,Recommended,,,1,-1,0.0,0.0,1.0
MA,Boston University Aram V. Chobanian & Edward Avedisian School of Medicine,Physics,PHYS,Required,,,-1,-1,0.0,0.0,1.0
MA,Boston University Aram V. Chobanian & Edward Avedisian School of Medicine,Psychology,BESS,Recommended,,,-1,-1,0.0,0.0,1.0
MA,Boston University Aram V. Chobanian & Edward Avedisian School of Medicine,Sociology,BESS,Recommended,,,-1,-1,0.0,0.0,1.0
MA,Boston University Aram V. Chobanian & Edward Avedisian School of Medicine,Zoology,BIOL,Recommended,,,-1,-1,0.0,0.0,1.0
MA,Harvard Medical School,Biology,BIOL,Required,"One year with lab experience (one semester of lab experience should be with corresponding coursework; however, second semester lab may be fulfilled by independent laboratory based research) is required. Should include cellular and molecular aspects AP credits cannot be used; however, if students have earned college credit for biology through AP coursework, upper level courses in biology will satisfy this requirement.",,1,-1,-1.0,0.0,-1.0
MA,Harvard Medical School,Chemistry,CHEM,Required,"Two years of chemistry (four courses) including inorganic chemistry, organic chemistry, and biochemistry are required. Lab experience required AP credits that enable you to take a higher-level course will satisfy one semester of inorganic chemistry",,1,-1,1.0,0.0,-1.0
MA,Harvard Medical School,Composition & Rhetoric,ENGL,Required,One year is required. AP credits cannot be used Writing intensive courses are preferred Humanities or social science courses involving substantial expository writing will satisfy this requirement,,-1,-1,-1.0,-1.0,-1.0
MA,Harvard Medical School,Mathematics,MATH,Recommended,"Pathways- Encouraged to complete one year of coursework in mathematics, including one semester each of calculus and statistics (preferably biostatistics)  HST –Coursework that includes upper-level mathematics (typically to include differential equations and/or linear algebra)* is strongly encouraged, although evidence of comparable engagement with analytic and computational tools through other activities will be considered. Statistics (preferably biostatistics) is also encouraged",,-1,-1,-1.0,0.0,-1.0
MA,Harvard Medical School,Physics,PHYS,Required,One year is required. Lab experience is desirable but not required Pathways- AP credits that enable you to take an upper-level course will meet one semester HST- One year of physics must be taken at the college level. Candidates are strongly encouraged to meet this prerequisite with at least one year in calculus-based physics*,,-1,-1,1.0,-1.0,-1.0
MA,Harvard Medical School,Psychology,BESS,Recommended,"All applicants are encouraged to complete coursework in the behavioral sciences. Courses in the fields of psychology, sociology, as well as other disciplines, are suggested.",,-1,0,-1.0,0.0,-1.0
MA,Tufts University School of Medicine,Biology,BIOL,Required,"Full year of introductory or advanced biology coursework. Any courses offered by the biology department for science majors are acceptable.Note: Competency in Mendelian genetics as well as cell and molecular biology is required. This is usually acquired in introductory biology courses. Upper level courses in genetics and/or cell and molecular biology are helpful but not required. (Note: Coursework that fulfills the biology prerequisite requirement may also be used to fulfill the competency requirement, if applicable.)",6,1,-1,-1.0,0.0,0.0
MA,Tufts University School of Medicine,Chemistry,CHEM,Required,"Two years of chemistry coursework that includes at least one semester course in general chemistry and one semester course in organic chemistry. A semester course in biochemistry is highly recommended and may count towards the two year total. Examples (in semesters): 2 general + 2 organic, or 2 general + 1 organic + 1 biochemistry, or 1 general + 2 organic + 1 biochemistry",12,1,-1,0.0,0.0,0.0
MA,Tufts University School of Medicine,Physics,PHYS,Required,"A semester of physics coursework. Any course offered by the physics department for science majors is acceptable. AP credit will not count for your physics requirement. However, the requirement can be satisfied by completing a course where physics was a prerequisite or completing an advanced course that incorporates physics (e.g. physical chemistry or engineering course). You should document this information with an explanation on your secondary application.",3,1,-1,-1.0,0.0,0.0
MA,Tufts University School of Medicine,Statistics,MATH,Required,"Competency in the basic concepts of statistics. May be acquired through an introductory course in statistics, as a topic in a science or social science course, or through experience with a research project.",3,-1,-1,-1.0,0.0,0.0
MA,University of Massachusetts T.H. Chan School of Medicine,Biochemistry,CHEM,Required,Online and pass/fail accepted as a result of pandemic. Please explain in Secondary application. Please refer to our website for further details regarding course descriptions and requirements.,3,-1,1,1.0,1.0,1.0
MA,University of Massachusetts T.H. Chan School of Medicine,Biology,BIOL,Required,Online and pass/fail accepted as a result of pandemic. Please explain in Secondary application. Please refer to our website for further details regarding course descriptions.,8,1,1,1.0,1.0,1.0
MA,University of Massachusetts T.H. Chan School of Medicine,Chemistry,CHEM,Required,Combination of General AND Organic Chemistry. 12 - 16 Credit Hours.Online and pass/fail accepted as a result of pandemic. Please explain in Secondary application. Please refer to our website for further details regarding course descriptions and requirements.,12,1,1,1.0,1.0,1.0
MA,University of Massachusetts T.H. Chan School of Medicine,Literature,ENGL,Required,Any writing intensive Englich course will suffice.Online and pass/fail accepted as a result of pandemic. Please explain in Secondary application. Please refer to our website for further details regarding course descriptions and requirements.,6,-1,1,1.0,1.0,1.0
MA,University of Massachusetts T.H. Chan School of Medicine,Physics,PHYS,Required,Online and pass/fail accepted as a result of pandemic. Please explain in Secondary application. Please refer to our website for further details regarding course descriptions and requirements.,8,1,1,1.0,1.0,1.0
MA,University of Massachusetts T.H. Chan School of Medicine,Psychology,BESS,Recommended,Online and pass/fail accepted as a result of pandemic. Please explain in Secondary application. Please refer to our website for further details regarding course descriptions and requirements.,3,-1,1,1.0,1.0,1.0
MA,University of Massachusetts T.H. Chan School of Medicine,Sociology,BESS,Recommended,Online and pass/fail accepted as a result of pandemic. Please explain in Secondary application. Please refer to our website for further details regarding course descriptions and requirements.,3,-1,1,1.0,1.0,1.0
MA,University of Massachusetts T.H. Chan School of Medicine,Statistics,MATH,Required,Online and pass/fail accepted as a result of pandemic. Please explain in Secondary application. Please refer to our website for further details regarding course descriptions and requirements.,3,-1,1,1.0,1.0,1.0
MD,Johns Hopkins University School of Medicine,Biochemistry,CHEM,Required,"The student should have knowledge of chemical equilibrium and thermodynamics, acid/base chemistry, the nature of ions in solution and redox reactions, the structure of molecules with special emphasis on bio-organic compounds, reaction rates, binding coefficients, reaction mechanisms involved in enzyme kinetics and other applications to the understanding of living systems. Also important is a basic understanding of the structure of nucleic acids, including how they store and transfer information.",3,-1,1,1.0,1.0,1.0
MD,Johns Hopkins University School of Medicine,Biology,BIOL,Required,"A separate course devoted to the principles of genetics (4 sem. hours) is recommended.  Individuals who have not completed their studies in biology within the past four (4) years are strongly encouraged to take an additional course in mammalian or molecular biology.  If using AP or IB credit, an additional semester in advanced biology, such as cell biology, genetics, physiology, molecular biology, etc., is required.",8,1,1,1.0,1.0,1.0
MD,Johns Hopkins University School of Medicine,Chemistry,CHEM,Required,"If using AP or IB credit, an additional semester in advanced chemistry is required.  Acceptable advanced chemistry courses include the following:  a second semester of organic chemistry; a second semester of biochemistry; analytical chemistry (quantitative or qualitative); physical chemistry, applied chemical equilibrium and reactivity, etc.",8,1,1,1.0,1.0,1.0
MD,Johns Hopkins University School of Medicine,Mathematics,MATH,Required,"Calculus - Mathematics courses should enable the student to develop equations, to interpret graphical representations of function and to evaluate probability involved in testing hypotheses in the study of natural phenomena. AP or IB credit for calculus or statistics, if acceptable to the student’s undergraduate college, may be used in the fulfillment of the math requirement. Regardless of such credit, it is strongly recommended that applicants take at least one semester of statistics or epidemiology.",3,-1,1,1.0,1.0,1.0
MD,Johns Hopkins University School of Medicine,Physics,PHYS,Required,"The student should have an understanding of the constants and units of physical measurement, Newtonian mechanics, the physical properties of various states of matter, such as liquids, solids and gasses, and the basic aspects of electricity, magnetism and optics, and their applications to living systems.  AP or IB credit for physics, if acceptable to the student’s undergraduate college, may be used in fulfillment of the physics requirement.The laboratory portion of this requirement is expected to equip the student with practical understanding of the process of scientific inquiry and to gain insight into how scientific knowledge is discovered and validated.",8,1,1,1.0,1.0,1.0
MD,Johns Hopkins University School of Medicine,Statistics,MATH,Required,"Mathematics courses should enable the student to develop equations, to interpret graphical representations of function and to evaluate probability involved in testing hypotheses in the study of natural phenomena. AP or IB credit for calculus or statistics, if acceptable to the student’s undergraduate college, may be used in the fulfillment of the math requirement. Regardless of such credit, it is strongly recommended that applicants take at least one semester of statistics or epidemiology.",3,-1,1,1.0,1.0,1.0
MD,Uniformed Services University of the Health Sciences F. Edward Hebert School of Medicine,Biochemistry,CHEM,Recommended,,4,1,-1,1.0,1.0,1.0
MD,Uniformed Services University of the Health Sciences F. Edward Hebert School of Medicine,Biology,BIOL,Required,,8,1,-1,1.0,1.0,1.0
MD,Uniformed Services University of the Health Sciences F. Edward Hebert School of Medicine,Chemistry,CHEM,Required,1 year-General or Inorganic Chemistry with lab (8 credit hours) and 1 year-Organic Chemistry with lab (8 credit hours) AP credit not accepted for Organic Chemistry,,1,-1,1.0,1.0,1.0
MD,Uniformed Services University of the Health Sciences F. Edward Hebert School of Medicine,Composition & Rhetoric,ENGL,Required,"Students could also complete one year of a writing intensive Humanities, Social Science, Language or Psychology course.",6,-1,-1,1.0,1.0,1.0
MD,Uniformed Services University of the Health Sciences F. Edward Hebert School of Medicine,Mathematics,MATH,Required,One semester of calculus or statistics will fulfill our requirement.,3,-1,-1,1.0,1.0,1.0
MD,Uniformed Services University of the Health Sciences F. Edward Hebert School of Medicine,Physics,PHYS,Required,,8,1,-1,1.0,1.0,1.0
MD,Uniformed Services University of the Health Sciences F. Edward Hebert School of Medicine,Psychology,BESS,Recommended,,,-1,1,1.0,1.0,1.0
MD,University of Maryland School of Medicine,Biochemistry,CHEM,Recommended,Lab is strongly encouraged but not required.,,1,0,1.0,1.0,1.0
MD,University of Maryland School of Medicine,Biology,BIOL,Required,Biological Sciences - one year with labs,,1,0,1.0,1.0,1.0
MD,University of Maryland School of Medicine,Chemistry,CHEM,Required,*General/Inorganic - one year with labs                                                                   *Organic Chemistry - either one year with laboratory or one semester of Organic Chemistry (with lab) and one semester of Biochemistry (lab encouraged but not required),,1,0,1.0,1.0,1.0
MD,University of Maryland School of Medicine,Composition & Rhetoric,ENGL,Required,"English or other writing-intensive coursework - one year (For writing-intensive coursework, the writing assignments should be 50% or more of the final grade.)",,-1,0,1.0,1.0,1.0
MD,University of Maryland School of Medicine,Genetics,BIOL,Recommended,one semester,,-1,0,1.0,1.0,1.0
MD,University of Maryland School of Medicine,Immunology,BIOL,Recommended,one semester,,-1,0,1.0,1.0,1.0
MD,University of Maryland School of Medicine,Microbiology,BIOL,Recommended,one semester,,-1,0,1.0,1.0,1.0
MD,University of Maryland School of Medicine,Physics,PHYS,Required,Physical Sciences - one year with labs,,1,0,1.0,1.0,1.0
MD,University of Maryland School of Medicine,Physiology,BIOL,Recommended,one semester,,-1,0,1.0,1.0,1.0
MI,Central Michigan University College of Medicine,Biology,BIOL,Required,"Two semesters of biological science courses with laboratory sections. Courses such as anatomy, biology, genetics, physiology, and microbiology fulfill this requirement.",6,1,1,0.0,1.0,1.0
MI,Central Michigan University College of Medicine,Chemistry,CHEM,Required,Two semesters of organic chemistry with at least one laboratory OR one semester of organic chemistry and one semester of biochemistry with at least one laboratory section.,6,1,1,0.0,1.0,1.0
MI,Michigan State University College of Human Medicine,Anthropology,BESS,Required,"Courses could be from any of the following: Anthropology, Economics, History, Political Science, Psychology, or Sociology (1 semester)",,-1,0,1.0,1.0,1.0
MI,Michigan State University College of Human Medicine,Biochemistry,CHEM,Required,Biochemistry (1 semester),,-1,0,1.0,1.0,1.0
MI,Michigan State University College of Human Medicine,Biology,BIOL,Required,Biology with lab (1 year),,1,0,1.0,1.0,1.0
MI,Michigan State University College of Human Medicine,Cell Biology,BIOL,Required,"1 semester of upper level (defined as 300-400 level, junior-senior level coursework. Examples include coursework in (but not limited to):AnatomyAdvanced Cell BiologyEmbryologyGeneticsImmunologyMicrobiologyMolecular BiologyNeurosciencePhysiologyZoology",,-1,0,1.0,1.0,1.0
MI,Michigan State University College of Human Medicine,Chemistry,CHEM,Required,Organic Chemistry with lab (1 year),,1,0,1.0,1.0,1.0
MI,Michigan State University College of Human Medicine,Physical Chemistry,CHEM,Required,General Chemistry with lab (1 year),,1,0,1.0,1.0,1.0
MI,Michigan State University College of Human Medicine,Physics,PHYS,Required,Introductory Physics with lab (1 year),,1,0,1.0,1.0,1.0
MI,Michigan State University College of Human Medicine,Statistics,MATH,Required,College Algebra or Statistics (1 semester),,-1,0,1.0,1.0,1.0
MI,Oakland University William Beaumont School of Medicine,Biochemistry,CHEM,Required,,3,-1,1,-1.0,1.0,1.0
MI,Oakland University William Beaumont School of Medicine,Biology,BIOL,Required,"Lab required in biology, chemistry or physics",4,1,1,-1.0,-1.0,1.0
MI,Oakland University William Beaumont School of Medicine,Psychology,BESS,Required,1 course required in social or behavioral sciences. DOES NOT need to be psychology specifically.,3,-1,1,1.0,1.0,1.0
MI,Oakland University William Beaumont School of Medicine,Statistics,MATH,Required,Math or Social Science based,3,-1,1,0.0,1.0,1.0
MI,University of Michigan Medical School,Biochemistry,CHEM,Recommended,,,1,1,1.0,1.0,1.0
MI,University of Michigan Medical School,Biology,BIOL,Recommended,,,1,1,1.0,1.0,1.0
MI,University of Michigan Medical School,Biostatistics,MATH,Recommended,,,-1,1,1.0,1.0,1.0
MI,University of Michigan Medical School,Cell Biology,BIOL,Recommended,,,1,1,1.0,1.0,1.0
MI,University of Michigan Medical School,Chemistry,CHEM,Recommended,,,1,1,1.0,1.0,1.0
MI,University of Michigan Medical School,Composition & Rhetoric,ENGL,Recommended,,,-1,1,1.0,1.0,1.0
MI,University of Michigan Medical School,Genetics,BIOL,Recommended,,,-1,1,1.0,1.0,1.0
MI,University of Michigan Medical School,Immunology,BIOL,Recommended,,,-1,1,1.0,1.0,1.0
MI,University of Michigan Medical School,Microbiology,BIOL,Recommended,,,-1,1,1.0,1.0,1.0
MI,University of Michigan Medical School,Molecular Biology,BIOL,Recommended,,,-1,1,1.0,1.0,1.0
MI,University of Michigan Medical School,Physical Chemistry,CHEM,Recommended,,,1,1,1.0,1.0,1.0
MI,University of Michigan Medical School,Physics,PHYS,Recommended,,,1,1,1.0,1.0,1.0
MI,University of Michigan Medical School,Psychology,BESS,Recommended,,,-1,1,1.0,1.0,1.0
MI,University of Michigan Medical School,Sociology,BESS,Recommended,,,-1,1,1.0,1.0,1.0
MI,University of Michigan Medical School,Statistics,MATH,Recommended,,,-1,1,1.0,1.0,1.0
MI,Wayne State University School of Medicine,Biology,BIOL,Required,Two (2) semesters of Biology (at least 6 credits).Plus lab.,6,1,0,0.0,0.0,1.0
MI,Wayne State University School of Medicine,Chemistry,CHEM,Required,"Two (2) semesters of General/Inorganic Chemistry (at least 6 credits) and Two (2) semesters of Organic Chemistry (at least 6 credits). Plus one semester of General or Inorganic Chemistry lab, and one semester of Organic Chemistry lab.",12,1,0,0.0,0.0,1.0
MI,Wayne State University School of Medicine,Composition & Rhetoric,ENGL,Required,One (1) semester of English Writing (at least 3 credits).,3,-1,0,0.0,0.0,1.0
MI,Wayne State University School of Medicine,Mathematics,MATH,Required,One (1) semester of College Mathematics (at least 3 credits).,3,-1,0,0.0,0.0,1.0
MI,Wayne State University School of Medicine,Physics,PHYS,Required,Two (2) semesters of Physics (at least 6 credits). Plus recommended (not required) lab.,6,-1,0,0.0,0.0,1.0
MI,Western Michigan University Homer Stryker M.D. School of Medicine,Biochemistry,CHEM,Recommended,,3,1,1,1.0,1.0,1.0
MI,Western Michigan University Homer Stryker M.D. School of Medicine,Biology,BIOL,Recommended,,8,1,1,1.0,1.0,1.0
MI,Western Michigan University Homer Stryker M.D. School of Medicine,Chemistry,CHEM,Recommended,,8,1,1,1.0,1.0,1.0
MI,Western Michigan University Homer Stryker M.D. School of Medicine,Composition & Rhetoric,ENGL,Recommended,,3,-1,1,1.0,1.0,1.0
MI,Western Michigan University Homer Stryker M.D. School of Medicine,Genetics,BIOL,Recommended,,3,-1,1,1.0,1.0,1.0
MI,Western Michigan University Homer Stryker M.D. School of Medicine,Histology,BIOL,Recommended,,3,1,1,1.0,1.0,1.0
MI,Western Michigan University Homer Stryker M.D. School of Medicine,Immunology,BIOL,Recommended,,3,-1,1,1.0,1.0,1.0
MI,Western Michigan University Homer Stryker M.D. School of Medicine,Physics,PHYS,Recommended,,8,1,1,1.0,1.0,1.0
MI,Western Michigan University Homer Stryker M.D. School of Medicine,Physiology,BIOL,Recommended,,3,1,1,1.0,1.0,1.0
MI,Western Michigan University Homer Stryker M.D. School of Medicine,Psychology,BESS,Recommended,,3,-1,1,1.0,1.0,1.0
MI,Western Michigan University Homer Stryker M.D. School of Medicine,Sociology,BESS,Recommended,,3,-1,1,1.0,1.0,1.0
MI,Western Michigan University Homer Stryker M.D. School of Medicine,Statistics,MATH,Recommended,,3,-1,1,1.0,1.0,1.0
MN,Mayo Clinic Alix School of Medicine,Biochemistry,CHEM,Recommended,,,-1,1,1.0,1.0,1.0
MN,Mayo Clinic Alix School of Medicine,Biology,BIOL,Recommended,,,-1,1,1.0,1.0,1.0
MN,Mayo Clinic Alix School of Medicine,Chemistry,CHEM,Recommended,,,-1,1,1.0,1.0,1.0
MN,Mayo Clinic Alix School of Medicine,Microbiology,BIOL,Recommended,,,-1,1,1.0,1.0,1.0
MN,Mayo Clinic Alix School of Medicine,Physics,PHYS,Recommended,,,-1,1,1.0,1.0,1.0
MN,University of Minnesota Medical School,Biology,BIOL,Required,"In-person Biology with lab course required. 1 semester or quarter. Any level. Biological sciences coursework with an emphasis on general principles, cell biology, and/or physiology.",3,1,-1,-1.0,-1.0,1.0
MN,University of Minnesota Medical School,Chemistry,CHEM,Required,In-person chemistry course with lab required. 1 semester or quarter. Any level. General or organic chemistry.,3,1,-1,-1.0,-1.0,1.0
MO,Saint Louis University School of Medicine,Biology,BIOL,Required,Basic or upper-level coursework will fulfill the requirement.,8,1,0,-1.0,0.0,1.0
MO,Saint Louis University School of Medicine,Chemistry,CHEM,Required,General or Inorganic Chemistry-8 HoursOrganic Chemistry-8 HoursBasic or upper-level coursework will fulfill the requirement. Biochemistry may be taken in place of one semester of organic chemistry.,16,1,0,-1.0,0.0,1.0
MO,Saint Louis University School of Medicine,Physics,PHYS,Required,Basic or upper-level coursework will fulfill the requirement.,8,1,0,1.0,0.0,1.0
MO,University of Missouri-Columbia School of Medicine,Biology,BIOL,,"Any biologic sciences course  (e.g., biology, genetics, cell biology, animal physiology, molecular biology, histology).",6,-1,-1,1.0,1.0,1.0
MO,University of Missouri-Columbia School of Medicine,Chemistry,CHEM,,"General Chemistry I, General Chemistry II, Organic Chemistry I, and Organic Chemistry II.",12,-1,-1,1.0,1.0,1.0
MO,University of Missouri-Columbia School of Medicine,Composition & Rhetoric,ENGL,,College English composition or writing intensive courses.,6,-1,-1,1.0,1.0,1.0
MO,University of Missouri-Columbia School of Medicine,Mathematics,MATH,,College-level mathematics (college algebra or above).,3,-1,-1,1.0,1.0,1.0
MO,University of Missouri-Columbia School of Medicine,Physics,PHYS,,General Physics I and General Physics II.,6,-1,-1,1.0,1.0,1.0
MO,University of Missouri-Kansas City School of Medicine,Biochemistry,CHEM,Required,One semester of upper-level Biochemistry.,3,-1,-1,-1.0,1.0,1.0
MO,University of Missouri-Kansas City School of Medicine,Cell Biology,BIOL,Required,One semester of cell biology.,3,-1,-1,1.0,1.0,1.0
MO,University of Missouri-Kansas City School of Medicine,Genetics,BIOL,Required,One semester of genetics.,3,-1,-1,1.0,1.0,1.0
MO,Washington University in St. Louis School of Medicine,Biology,BIOL,Required,A minimum of one year (two semesters) or the equivalent advanced placement in Biological science. Laboratory experiences are recommended but not required.,6,-1,1,1.0,1.0,1.0
MO,Washington University in St. Louis School of Medicine,Biology,BIOL,Required,Test language.,8,-1,1,1.0,1.0,1.0
MO,Washington University in St. Louis School of Medicine,Chemistry,CHEM,Required,A minimum of one year (two semesters) or equivalent advanced placement in General or Inorganic Chemistry. Laboratory experiences are recommended but not required.,6,-1,1,1.0,1.0,1.0
MO,Washington University in St. Louis School of Medicine,Chemistry,CHEM,Required,A minimum of one year (two semesters) or equivalent advanced placement in Organic Chemistry. Laboratory experiences are recommended but not required. One semester of Biochemistry may be substituted for one semester of Organic Chemistry.,6,-1,1,1.0,1.0,1.0
MO,Washington University in St. Louis School of Medicine,Mathematics,MATH,Required,A minimum of one year (two semesters) or equivalent advanced placement in Calculus. Biostatistics or Statistics may be substituted for one semester of Calculus.,6,-1,1,1.0,1.0,1.0
MO,Washington University in St. Louis School of Medicine,Physical Chemistry,CHEM,Required,A minimum of one year (two semesters) or equivalent advanced placement in General or Inorganic Chemistry. Laboratory experiences are recommended but not required.,6,-1,1,1.0,1.0,1.0
MO,Washington University in St. Louis School of Medicine,Physics,PHYS,Required,A minimum of one year (two semesters) or equivalent advanced placement in Physics. Laboratory experiences are recommended but not required.,6,-1,1,1.0,1.0,1.0
MS,University of Mississippi School of Medicine,Biochemistry,CHEM,Required,,3,-1,-1,-1.0,-1.0,-1.0
MS,University of Mississippi School of Medicine,Biology,BIOL,Recommended,,8,1,-1,-1.0,-1.0,1.0
MS,University of Mississippi School of Medicine,Chemistry,CHEM,Recommended,,8,1,-1,-1.0,-1.0,1.0
MS,University of Mississippi School of Medicine,Physics,PHYS,Required,2nd year Physics (Physics 2),3,1,-1,-1.0,-1.0,1.0
MS,University of Mississippi School of Medicine,Psychology,BESS,Recommended,,3,-1,-1,-1.0,1.0,1.0
MS,University of Mississippi School of Medicine,Sociology,BESS,Recommended,,3,-1,-1,-1.0,1.0,1.0
NC,Brody School of Medicine at East Carolina University,Biochemistry,CHEM,Required,,3,-1,-1,-1.0,-1.0,1.0
NC,Brody School of Medicine at East Carolina University,Biology,BIOL,Required,,8,1,-1,-1.0,-1.0,1.0
NC,Brody School of Medicine at East Carolina University,Biostatistics,MATH,Required,,3,-1,-1,-1.0,-1.0,1.0
NC,Brody School of Medicine at East Carolina University,Chemistry,CHEM,Required,- General Chemistry - 8 credit hours with labs or any equivalent Chemistry Course outside of Organic Chemistry.- Organic Chemistry - 8 credit hours with labs,16,1,-1,-1.0,-1.0,1.0
NC,Brody School of Medicine at East Carolina University,Composition & Rhetoric,ENGL,Required,One year of English (or writing-intensive courses) - 6 total hours,6,-1,-1,-1.0,-1.0,1.0
NC,Brody School of Medicine at East Carolina University,Physics,PHYS,Required,,8,1,-1,-1.0,-1.0,1.0
NC,Brody School of Medicine at East Carolina University,Sociology,BESS,Required,Any Social Sciences/Humanities; Psychology,3,-1,-1,-1.0,-1.0,1.0
NC,Duke University School of Medicine,Biochemistry,CHEM,Recommended,,,-1,-1,1.0,-1.0,-1.0
NC,Duke University School of Medicine,Chemistry,CHEM,Recommended,,,1,-1,1.0,-1.0,-1.0
NC,Duke University School of Medicine,Creative Writing,ENGL,Recommended,,,-1,-1,-1.0,1.0,1.0
NC,Duke University School of Medicine,Physical Chemistry,CHEM,Recommended,,,1,-1,1.0,-1.0,-1.0
NC,University of North Carolina at Chapel Hill School of Medicine,Biochemistry,CHEM,Required,,,-1,-1,-1.0,0.0,-1.0
NC,University of North Carolina at Chapel Hill School of Medicine,Biostatistics,MATH,Recommended,Visit website for specific information. https://www.med.unc.edu/admit/requirements/academic-requirements/,,-1,-1,-1.0,0.0,1.0
NC,University of North Carolina at Chapel Hill School of Medicine,Cell Biology,BIOL,Recommended,Visit website for specific information. https://www.med.unc.edu/admit/requirements/academic-requirements/,,1,-1,-1.0,0.0,-1.0
NC,University of North Carolina at Chapel Hill School of Medicine,Chemistry,CHEM,Recommended,Two chemistry laboratories associated with any chemistry course are also required.,,1,-1,-1.0,0.0,-1.0
NC,University of North Carolina at Chapel Hill School of Medicine,Composition & Rhetoric,ENGL,Recommended,Visit our website for specific information. https://www.med.unc.edu/admit/requirements/academic-requirements/,,-1,-1,-1.0,0.0,1.0
NC,University of North Carolina at Chapel Hill School of Medicine,Genetics,BIOL,Recommended,Visit website for specific information. https://www.med.unc.edu/admit/requirements/academic-requirements/,,1,-1,-1.0,0.0,-1.0
NC,University of North Carolina at Chapel Hill School of Medicine,Immunology,BIOL,Recommended,Visit website for specific information. https://www.med.unc.edu/admit/requirements/academic-requirements/,,1,-1,-1.0,0.0,-1.0
NC,University of North Carolina at Chapel Hill School of Medicine,Microbiology,BIOL,Recommended,Visit website for specific information. https://www.med.unc.edu/admit/requirements/academic-requirements/,,1,-1,-1.0,0.0,-1.0
NC,University of North Carolina at Chapel Hill School of Medicine,Physiology,BIOL,Recommended,Visit website for specific information. https://www.med.unc.edu/admit/requirements/academic-requirements/,,1,-1,-1.0,0.0,-1.0
NC,University of North Carolina at Chapel Hill School of Medicine,Psychology,BESS,Recommended,Visit our website for specific information. https://www.med.unc.edu/admit/requirements/academic-requirements/,,-1,-1,-1.0,0.0,1.0
NC,University of North Carolina at Chapel Hill School of Medicine,Statistics,MATH,Recommended,Visit our website for specific information. https://www.med.unc.edu/admit/requirements/academic-requirements/,,-1,-1,-1.0,0.0,1.0
NC,Wake Forest University School of Medicine,Biochemistry,CHEM,Recommended,,,-1,1,1.0,1.0,1.0
NC,Wake Forest University School of Medicine,Biology,BIOL,Recommended,,,1,1,1.0,1.0,1.0
NC,Wake Forest University School of Medicine,Chemistry,CHEM,Recommended,,,1,1,1.0,1.0,1.0
NC,Wake Forest University School of Medicine,Genetics,BIOL,Recommended,,,-1,1,1.0,1.0,1.0
NC,Wake Forest University School of Medicine,Literature,ENGL,Recommended,,,-1,1,1.0,1.0,1.0
NC,Wake Forest University School of Medicine,Mathematics,MATH,Recommended,,,-1,1,1.0,1.0,1.0
NC,Wake Forest University School of Medicine,Physical Chemistry,CHEM,Recommended,,,1,1,1.0,1.0,1.0
NC,Wake Forest University School of Medicine,Physics,PHYS,Recommended,,,1,1,1.0,1.0,1.0
NC,Wake Forest University School of Medicine,Physiology,BIOL,Recommended,,,-1,1,1.0,1.0,1.0
NC,Wake Forest University School of Medicine,Psychology,BESS,Recommended,,,-1,1,1.0,1.0,1.0
NC,Wake Forest University School of Medicine,Sociology,BESS,Recommended,,,-1,1,1.0,1.0,1.0
ND,University of North Dakota School of Medicine and Health Sciences,Applied Mathematics,MATH,Recommended,Calculus,,-1,-1,1.0,1.0,1.0
ND,University of North Dakota School of Medicine and Health Sciences,Biochemistry,CHEM,Recommended,,,-1,-1,1.0,1.0,1.0
ND,University of North Dakota School of Medicine and Health Sciences,Biology,BIOL,Recommended,,,1,-1,1.0,1.0,1.0
ND,University of North Dakota School of Medicine and Health Sciences,Chemistry,CHEM,Recommended,Inorganic and Organic Chemistry,,1,-1,1.0,1.0,1.0
ND,University of North Dakota School of Medicine and Health Sciences,Genetics,BIOL,Recommended,,,-1,-1,1.0,1.0,1.0
ND,University of North Dakota School of Medicine and Health Sciences,Mathematics,MATH,Recommended,,,-1,-1,1.0,1.0,1.0
ND,University of North Dakota School of Medicine and Health Sciences,Physics,PHYS,Recommended,,,-1,-1,1.0,1.0,1.0
ND,University of North Dakota School of Medicine and Health Sciences,Psychology,BESS,Recommended,,,-1,-1,1.0,1.0,1.0
NE,Creighton University School of Medicine,Biochemistry,CHEM,Recommended,"Strong background in chemistry including introductory and advanced courses, e.g., biochemistry. Additionally, coursework in English, humanities and statistics is strongly recommended.",,-1,-1,1.0,1.0,1.0
NE,Creighton University School of Medicine,Biology,BIOL,Recommended,"Strong background in biology including introductory and advanced courses, e.g., physiology, immunology, and genetics.",,-1,-1,1.0,1.0,1.0
NE,University of Nebraska College of Medicine,Biochemistry,CHEM,Required,,3,-1,0,-1.0,1.0,1.0
NE,University of Nebraska College of Medicine,Biology,BIOL,Required,Two semesters of general biology or physiology with laboratory will meet this requirement.,8,1,0,-1.0,1.0,1.0
NE,University of Nebraska College of Medicine,Chemistry,CHEM,Required,Two semesters of general or inorganic chemistry with laboratory (8-10 hours). Two semesters of organic chemistry with laboratory (8-10 hours).,16,1,0,-1.0,1.0,1.0
NE,University of Nebraska College of Medicine,Genetics,BIOL,Required,,3,-1,0,-1.0,1.0,1.0
NE,University of Nebraska College of Medicine,Literature,ENGL,Required,Literature or Composition & Rhetoric to meet requirement,3,-1,0,-1.0,1.0,1.0
NE,University of Nebraska College of Medicine,Physics,PHYS,Required,Two semesters in physics with laboratory will meet this requirement.,8,1,0,-1.0,1.0,1.0
NE,University of Nebraska College of Medicine,Statistics,MATH,Required,This requirement must include material through introductory calculus OR a course in statistics.,3,-1,0,-1.0,1.0,1.0
NH,Geisel School of Medicine at Dartmouth,Biochemistry,CHEM,Required,"We require one semester (4 credit hours or equivalent) of biochemistry. If you are in a trimester or quarter system, one trimester or quarter of biochemistry is sufficient as long as you have two full years of chemistry coursework including organic chemistry and biochemistry.",4,-1,0,0.0,1.0,1.0
NH,Geisel School of Medicine at Dartmouth,Biology,BIOL,Required,One year (8 credit hours or equivalent) of biology coursework.  Any completed biology coursework from general biology to advanced biology coursework may be used to meet this requirement. We adjust our credit hour requirement to reflect how your school awards credits. Please list credit hours as they appear on your transcript.We expect completion of any lab section offered in conjunction with your biology coursework.,8,1,0,0.0,1.0,1.0
NH,Geisel School of Medicine at Dartmouth,Chemistry,CHEM,Required,"One and a half years (12 credit hours or equivalent) of chemistry coursework. One semester (4 credit hours or equivalent) of this must be organic chemistry. For the other one year (8 credit hours or equivalent) you can use any chemistry courses you have completed from general chemistry to advanced chemistry coursework. This is in addition to the required biochemistry course. For students on a quarter or trimester system, one quarter or trimester will meet the requirement if you have 16 credit hours (or equivalent) of chemistry coursework overall. We adjust our credit hour requirement to reflect how your school awards credits. Please list credit hours as they appear on your transcript. We expect completion of any lab section offered in conjunction with your chemistry coursework.",12,1,0,0.0,1.0,1.0
NH,Geisel School of Medicine at Dartmouth,Mathematics,MATH,Required,"One half-year (3 credit hours or equivalent) of college-level mathematics, including either calculus or statistics. We adjust our credit hour requirement to reflect how your school awards credits.  Please list credit hours as they appear on your transcript.",3,-1,0,0.0,1.0,1.0
NH,Geisel School of Medicine at Dartmouth,Physics,PHYS,Required,One year (8 credit hours or equivalent) of physics coursework. Any completed physics coursework may be used to meet this requirement. We adjust our credit hour requirement to reflect how your school awards credits. Please list credit hours as they appear on your transcript. We expect completion of any lab section offered in conjunction with your physics coursework.,8,1,0,0.0,1.0,1.0
NJ,Cooper Medical School of Rowan University,Biochemistry,CHEM,Recommended,,,-1,-1,-1.0,-1.0,-1.0
NJ,Cooper Medical School of Rowan University,Biology,BIOL,Required,,8,1,-1,-1.0,1.0,1.0
NJ,Cooper Medical School of Rowan University,Chemistry,CHEM,Required,Inorganic Chemistry is required with 8 credit hours and Organic Chemistry is recommended.,,1,-1,-1.0,1.0,1.0
NJ,Cooper Medical School of Rowan University,Physics,PHYS,Recommended,,,1,-1,-1.0,-1.0,-1.0
NJ,Cooper Medical School of Rowan University,Psychology,BESS,Recommended,,,-1,-1,-1.0,-1.0,-1.0
NJ,Cooper Medical School of Rowan University,Statistics,MATH,Recommended,,,-1,-1,-1.0,-1.0,-1.0
NJ,Hackensack Meridian School of Medicine,Anatomy,BIOL,Recommended,,8,1,1,1.0,1.0,1.0
NJ,Hackensack Meridian School of Medicine,Biochemistry,CHEM,Recommended,Two semesters of courses with laboratory (select from the following options):Organic ChemistryBiochemistryPhysicsAnatomy/PhysiologyZoologyBotany,4,1,1,1.0,1.0,1.0
NJ,Hackensack Meridian School of Medicine,Biology,BIOL,Required,Two semesters of General Biology course and two semesters of Biology Lab (lab may be substituted for biology courses completed with lab components),8,1,1,1.0,1.0,1.0
NJ,Hackensack Meridian School of Medicine,Botany,BIOL,Recommended,"Two semesters of courses with laboratory (select from the following options):Organic Chemistry, Biochemistry, Physics, Anatomy/Physiology, Zoology, Botany",3,1,1,1.0,1.0,1.0
NJ,Hackensack Meridian School of Medicine,Cell Biology,BIOL,Recommended,,3,-1,1,1.0,1.0,1.0
NJ,Hackensack Meridian School of Medicine,Chemistry,CHEM,Required,Two semesters of General Inorganic Chemistry course and two semesters of Chemistry Lab (may be substituted for chemistry courses completed with lab components),8,1,1,1.0,1.0,1.0
NJ,Hackensack Meridian School of Medicine,Composition & Rhetoric,ENGL,Required,,3,-1,1,1.0,1.0,1.0
NJ,Hackensack Meridian School of Medicine,Ecology,BIOL,Recommended,,3,-1,1,1.0,1.0,1.0
NJ,Hackensack Meridian School of Medicine,Economics,BESS,Recommended,,3,-1,1,1.0,1.0,1.0
NJ,Hackensack Meridian School of Medicine,Literature,ENGL,Required,,3,-1,1,1.0,1.0,1.0
NJ,Hackensack Meridian School of Medicine,Physiology,BIOL,Recommended,,8,1,1,1.0,1.0,1.0
NJ,Hackensack Meridian School of Medicine,Statistics,MATH,Required,"One semester of Mathematics/Science-related such as, but not limited to:Statistics, Biostatistics, Epidemiology, Genetics, Calculus",3,-1,1,1.0,1.0,1.0
NJ,Hackensack Meridian School of Medicine,Zoology,BIOL,Recommended,"Two semesters of courses with laboratory (select from the following options): Organic Chemistry, Biochemistry, Physics, Anatomy/Physiology, Zoology, Botany",4,1,1,1.0,1.0,1.0
NJ,Rutgers New Jersey Medical School,Biochemistry,CHEM,Required,Biochemistry,3,-1,-1,-1.0,-1.0,-1.0
NJ,Rutgers New Jersey Medical School,Biology,BIOL,Required,Two semesters of General Biology,6,1,0,1.0,0.0,1.0
NJ,Rutgers New Jersey Medical School,Chemistry,CHEM,Required,Two semesters of General Chemistry and one semester of Organic Chemistry I,9,1,0,0.0,0.0,0.0
NJ,Rutgers New Jersey Medical School,Creative Writing,ENGL,Required,,3,-1,-1,-1.0,-1.0,-1.0
NJ,Rutgers New Jersey Medical School,Mathematics,MATH,Required,,3,-1,0,1.0,0.0,1.0
NJ,Rutgers New Jersey Medical School,Physical Chemistry,CHEM,Required,Organic chemistry,3,1,-1,-1.0,-1.0,-1.0
NJ,Rutgers New Jersey Medical School,Physics,PHYS,Required,Two semesters of Physics,6,1,0,1.0,0.0,-1.0
NJ,Rutgers New Jersey Medical School,Psychology,BESS,Recommended,Psychology and/or Sociology,,-1,-1,-1.0,-1.0,-1.0
NJ,Rutgers New Jersey Medical School,Sociology,BESS,Recommended,Psychology and/or Sociology,,-1,-1,-1.0,-1.0,-1.0
NJ,"Rutgers, Robert Wood Johnson Medical School",Biochemistry,CHEM,Required,One semester of biochemistry is required.  This can be from your university's biology department.,3,-1,1,-1.0,1.0,1.0
NJ,"Rutgers, Robert Wood Johnson Medical School",Biology,BIOL,Required,A general biology course with lab is required though the name differ by university.  Students can use AP credit.,8,1,1,1.0,1.0,1.0
NJ,"Rutgers, Robert Wood Johnson Medical School",Chemistry,CHEM,Required,"A year of general chemistry course plus lab (inorganic chemistry or other names) is required.  This can be substituted with AP credit or taken at a community college or online.  Additionally, we require an Organic chemistry plus lab course.  We prefer that organic chemistry be taken in person at your four-year college. AP will not count towards the organic chemistry requirement.  Please contact the admissions options for consideration of other approaches.",12,1,1,1.0,1.0,1.0
NJ,"Rutgers, Robert Wood Johnson Medical School",Composition & Rhetoric,ENGL,Required,We require a year of writing intensive coursework.  This can be an English department course or any other department such as philosophy or other.,6,-1,1,1.0,1.0,1.0
NJ,"Rutgers, Robert Wood Johnson Medical School",Mathematics,MATH,Required,We do allow a biostatistics or any level mathematics course to count towards this requirement.,3,-1,1,1.0,1.0,1.0
NJ,"Rutgers, Robert Wood Johnson Medical School",Physics,PHYS,Required,,4,1,1,1.0,1.0,1.0
NM,University of New Mexico School of Medicine,Biochemistry,CHEM,Required,Applicants must take one semester or two quarters of Biochemistry. Course must be at the 300 or 400 level.,3,-1,0,-1.0,0.0,-1.0
NM,University of New Mexico School of Medicine,Biology,BIOL,Required,"Applicants must take two semesters or three quarters of human-based Biology courses with a corresponding lab. Examples include, but are not limited to, Cell and Molecular Biology, Genetics, Microbiology, and Anatomy and Physiology.",8,1,0,0.0,0.0,1.0
NM,University of New Mexico School of Medicine,Chemistry,CHEM,Required,Applicants must take two semesters or three quarters of General Chemistry 1 and 2 with a corresponding lab.,8,1,0,0.0,0.0,1.0
NM,University of New Mexico School of Medicine,Organic Chemistry,CHEM,Required,Applicants must take two semesters or three quarters of Organic Chemistry 1 and 2 with a corresponding lab.,8,1,0,0.0,0.0,1.0
NM,University of New Mexico School of Medicine,Physics,PHYS,Required,Applicants must take two semesters or three quarters of General Physics 1 and 2. Algebra or Calculus-based Physics is preferred.,6,-1,0,0.0,0.0,1.0
NM,University of New Mexico School of Medicine,Psychology,BESS,Recommended,,3,-1,1,1.0,1.0,1.0
NM,University of New Mexico School of Medicine,Sociology,BESS,Recommended,,3,-1,1,1.0,1.0,1.0
NV,Kirk Kerkorian School of Medicine at UNLV,Biochemistry,CHEM,Required,"Choose any College/University level 100 or higher Biochemistry, preferably one that has General Chemistry and/or Organic Chemistry as a pre-req. *Some restrictions may apply, please see our website for details.",3,-1,0,-1.0,1.0,1.0
NV,Kirk Kerkorian School of Medicine at UNLV,Biology,BIOL,Required,"Choose any College/University level 100 and higher biology, preferably human over plant or animal. The entire requirement is 3 biology courses, 1 must have a lab. *Some restrictions may apply, please see our website for details.",10,1,0,-1.0,1.0,1.0
NV,Kirk Kerkorian School of Medicine at UNLV,Psychology,BESS,Required,"Behavioral Science, preferably Psychology but Sociology also accepted. College/University level 100 or higher. *Some restrictions may apply, please see our website for details.",3,-1,0,-1.0,1.0,1.0
NV,Roseman University College of Medicine,Anthropology,BESS,Required,"Two semesters of humanities courses are required. An Anthropology may satisfied the requirement, but other courses may also be eligible",6,-1,-1,1.0,1.0,1.0
NV,Roseman University College of Medicine,Biochemistry,CHEM,Required,1 Semester of Biochemistry,3,-1,-1,1.0,1.0,1.0
NV,Roseman University College of Medicine,Biology,BIOL,Required,Two semesters of biology,6,-1,-1,1.0,1.0,1.0
NV,Roseman University College of Medicine,Inorganic Chemistry,CHEM,Required,2 Semesters of Inorganic Chemistry are required.,6,-1,-1,1.0,1.0,1.0
NV,Roseman University College of Medicine,Sociology,BESS,Required,"One semester of a Social Science course is required. Sociology may count for the requirement, but other courses may also be eligible",3,-1,-1,1.0,1.0,1.0
NV,Roseman University College of Medicine,Statistics,MATH,Required,1 Semester of Statistics,3,-1,-1,1.0,1.0,1.0
NV,"University of Nevada, Reno School of Medicine",Biochemistry,CHEM,Required,,3,1,0,1.0,1.0,1.0
NV,"University of Nevada, Reno School of Medicine",Biology,BIOL,Required,2 Credits must be labs and 6 must be Upper Division,15,1,0,1.0,1.0,1.0
NV,"University of Nevada, Reno School of Medicine",Chemistry,CHEM,Required,2 Credits must be upper division,8,1,0,1.0,1.0,1.0
NV,"University of Nevada, Reno School of Medicine",Physical Chemistry,CHEM,Required,"8 Credits Organic Chemistry, 2 must be Labs",8,1,0,1.0,1.0,1.0
NV,"University of Nevada, Reno School of Medicine",Physics,PHYS,Required,2 Credits,8,1,0,1.0,1.0,1.0
NV,"University of Nevada, Reno School of Medicine",Psychology,BESS,Required,Psychology or Sociology,3,1,0,1.0,1.0,1.0
NY,Albany Medical College,Biology,BIOL,Required,"Albany Medical College requires successful completion of two semesters of Biology  with related laboratory experience. Examples of biology courses include molecular biology, genetics, cell biology/cell physiology, neuroscience, virology, and anatomy, although applicants are not required to take courses with these specific titles",8,1,-1,1.0,0.0,1.0
NY,Albany Medical College,Chemistry,CHEM,Required,"Albany Medical College requires successful completion of two semesters of Inorganic Chemistry AND two semesters of Organic Chemistry with related laboratory experience in each course. Inorganic Chemistry:Examples of inorganic chemistry courses include introductory inorganic chemistry, structure and bonding, principles of chemistry, solid state chemistry, physical chemistry, and chemical synthesis.Organic Chemistry:The organic chemistry requirement can be fulfilled with either two semesters of organic chemistry with related lab or one semester of organic chemistry and one semester of biochemistry (taken through the chemistry department) with related lab.",16,1,-1,1.0,0.0,1.0
NY,Albany Medical College,Physics,PHYS,Required,Albany Medical College requires successful completion of two semesters of Physics with related laboratory experience.,8,1,-1,1.0,0.0,1.0
NY,Albert Einstein College of Medicine,Biochemistry,CHEM,Recommended,,3,1,-1,1.0,0.0,0.0
NY,Albert Einstein College of Medicine,Biology,BIOL,Required,,8,1,-1,1.0,0.0,0.0
NY,Albert Einstein College of Medicine,Cell Biology,BIOL,Required,,4,-1,-1,1.0,0.0,0.0
NY,Albert Einstein College of Medicine,Chemistry,CHEM,Required,One year of basic chemistry.,8,1,-1,1.0,0.0,0.0
NY,Albert Einstein College of Medicine,Genetics,BIOL,Recommended,,3,-1,-1,1.0,0.0,0.0
NY,Albert Einstein College of Medicine,Literature,ENGL,Required,One year of English as selected by the applicant.,6,-1,-1,1.0,0.0,1.0
NY,Albert Einstein College of Medicine,Mathematics,MATH,Required,One year of mathematics.  Computer Science or Statistics may be substituted unless application is made to the MD/PhD program in which case calculus is required.,6,-1,-1,1.0,0.0,0.0
NY,Albert Einstein College of Medicine,Physics,PHYS,Required,One year of basic physics,8,1,-1,1.0,0.0,0.0
NY,Albert Einstein College of Medicine,Psychology,BESS,Recommended,Any course work in the behavioral and social sciences is acceptable.,6,-1,1,1.0,1.0,1.0
NY,Columbia University Vagelos College of Physicians and Surgeons,Biochemistry,CHEM,Required,"One semester of Biochemistry, lab recommended but not required",,-1,0,-1.0,0.0,1.0
NY,Columbia University Vagelos College of Physicians and Surgeons,Biology,BIOL,Required,"One year of Biology with labs. For applicants whose undergraduate college accepted Advanced Placement (AP) credit to satisfy the requirement, we require one year of advanced study. This additional year must include at least one semester of the lab and two semesters are recommended.",,1,0,1.0,0.0,1.0
NY,Columbia University Vagelos College of Physicians and Surgeons,Chemistry,CHEM,Required,"One year of general chemistry with lab. For applicants whose undergraduate college accepted Advanced Placement (AP) credit to satisfy the requirement in introductory-level Chemistry, no additional upper-level Chemistry is required beyond Organic Chemistry.",,1,0,1.0,0.0,1.0
NY,Columbia University Vagelos College of Physicians and Surgeons,Literature,ENGL,Required,One year of English or other writing-intensive courses.,,-1,0,1.0,0.0,1.0
NY,Columbia University Vagelos College of Physicians and Surgeons,Organic Chemistry,CHEM,Required,One year of organic chemistry with lab,,1,0,-1.0,0.0,1.0
NY,Columbia University Vagelos College of Physicians and Surgeons,Physics,PHYS,Required,"One year of Physics with one semester of the lab. For applicants whose undergraduate college accepted Advanced Placement (AP) credit to satisfy the requirement in introductory-level Physics, no additonal Physics coursework is required.",,1,0,1.0,0.0,1.0
NY,Donald and Barbara Zucker School of Medicine at Hofstra/Northwell,Biochemistry,CHEM,Recommended,,4,1,-1,-1.0,-1.0,0.0
NY,Donald and Barbara Zucker School of Medicine at Hofstra/Northwell,Biology,BIOL,Recommended,,8,1,-1,-1.0,-1.0,0.0
NY,Donald and Barbara Zucker School of Medicine at Hofstra/Northwell,Calculus,MATH,Recommended,,3,-1,-1,-1.0,1.0,1.0
NY,Donald and Barbara Zucker School of Medicine at Hofstra/Northwell,Chemistry,CHEM,Recommended,Inorganic Chem I and II (8 credit hours)Organic Chem I and II (8 credit hours),16,1,-1,-1.0,-1.0,0.0
NY,Donald and Barbara Zucker School of Medicine at Hofstra/Northwell,Composition & Rhetoric,ENGL,Recommended,,6,-1,-1,-1.0,-1.0,1.0
NY,Donald and Barbara Zucker School of Medicine at Hofstra/Northwell,Genetics,BIOL,Recommended,,3,-1,-1,-1.0,1.0,0.0
NY,Donald and Barbara Zucker School of Medicine at Hofstra/Northwell,Inorganic Chemistry,CHEM,Recommended,,8,1,-1,-1.0,-1.0,0.0
NY,Donald and Barbara Zucker School of Medicine at Hofstra/Northwell,Mathematics,MATH,Recommended,,3,-1,-1,-1.0,1.0,1.0
NY,Donald and Barbara Zucker School of Medicine at Hofstra/Northwell,Organic Chemistry,CHEM,Recommended,,8,1,-1,-1.0,-1.0,0.0
NY,Donald and Barbara Zucker School of Medicine at Hofstra/Northwell,Physics,PHYS,Recommended,,8,1,-1,-1.0,-1.0,0.0
NY,Donald and Barbara Zucker School of Medicine at Hofstra/Northwell,Psychology,BESS,Recommended,,,-1,-1,1.0,1.0,1.0
NY,Donald and Barbara Zucker School of Medicine at Hofstra/Northwell,Sociology,BESS,Recommended,,,-1,-1,1.0,1.0,1.0
NY,Donald and Barbara Zucker School of Medicine at Hofstra/Northwell,Statistics,MATH,Recommended,,3,-1,-1,-1.0,-1.0,1.0
NY,Donald and Barbara Zucker School of Medicine at Hofstra/Northwell,Zoology,BIOL,Recommended,,,-1,-1,-1.0,-1.0,0.0
NY,Icahn School of Medicine at Mount Sinai,Biochemistry,CHEM,Required,One semester required.,,-1,0,-1.0,0.0,0.0
NY,Icahn School of Medicine at Mount Sinai,Biology,BIOL,Required,One academic year required.,,1,0,0.0,0.0,0.0
NY,Icahn School of Medicine at Mount Sinai,Chemistry,CHEM,Required,One academic year of General Chemistry required along with a semester of Organic Chemistry and a semester of Biochemistry.,,1,0,0.0,0.0,0.0
NY,Icahn School of Medicine at Mount Sinai,Composition & Rhetoric,ENGL,Required,One academic year of English intensive writing courses,,-1,0,-1.0,0.0,0.0
NY,Icahn School of Medicine at Mount Sinai,Physics,PHYS,Required,One semester. Can be satisfied with score of 5 on AP exam.,,-1,0,1.0,0.0,0.0
NY,Icahn School of Medicine at Mount Sinai,Sociology,BESS,Recommended,"Applicants are encouraged to complete coursework which provide exposure to social determinants of health and disparities in health care outcomes. Coursework examples include sociology, public health, political science, global health, bioethics, urban studies, history, and economics.",,-1,-1,-1.0,1.0,1.0
NY,Icahn School of Medicine at Mount Sinai,Statistics,MATH,Required,Biostatistics is preferred.,,-1,0,-1.0,0.0,0.0
NY,Jacobs School of Medicine and Biomedical Sciences at the University at Buffalo,Biology,BIOL,Required,2 Semesters of Biology (lab in both semesters),8,1,0,1.0,-1.0,0.0
NY,Jacobs School of Medicine and Biomedical Sciences at the University at Buffalo,Chemistry,CHEM,Required,"General Chemistry I & II and Organic Chemistry I & II (lab in both semesters or one lab that is 2 credits or more).Please note, Biochemistry does not substitute for Organic Chemistry.",16,1,0,1.0,-1.0,0.0
NY,Jacobs School of Medicine and Biomedical Sciences at the University at Buffalo,Literature,ENGL,Required,2 Semesters of any English or Writing Intensive Course,6,-1,0,1.0,-1.0,0.0
NY,Jacobs School of Medicine and Biomedical Sciences at the University at Buffalo,Physics,PHYS,Required,2 Semesters of Physics (lab optional),6,-1,0,1.0,-1.0,0.0
NY,New York Medical College,Biochemistry,CHEM,Required,1 semester with or without lab (or equivalent),4,1,-1,1.0,-1.0,1.0
NY,New York Medical College,Biology,BIOL,Required,General Biology with Lab - 2 semesters (or equivalent),8,1,-1,1.0,-1.0,1.0
NY,New York Medical College,Chemistry,CHEM,Required,"General Chemistry with lab, 2 semesters (or equivalent)Organic Chemistry with lab, 1 semesters (or equivalent)",12,1,-1,1.0,-1.0,1.0
NY,New York Medical College,Literature,ENGL,Required,2 semesters (or equivalent or successful completion of the English requirement of your school),8,-1,-1,1.0,-1.0,1.0
NY,New York Medical College,Physics,PHYS,Required,2 semesters with lab (or equivalent),8,1,-1,1.0,-1.0,1.0
NY,NYU Grossman Long Island School of Medicine,Biochemistry,CHEM,Recommended,,,1,-1,-1.0,-1.0,1.0
NY,NYU Grossman Long Island School of Medicine,Biology,BIOL,Recommended,,,1,-1,1.0,-1.0,1.0
NY,NYU Grossman Long Island School of Medicine,Biostatistics,MATH,Recommended,,,-1,1,-1.0,1.0,1.0
NY,NYU Grossman Long Island School of Medicine,Cell Biology,BIOL,Recommended,,,-1,-1,-1.0,-1.0,1.0
NY,NYU Grossman Long Island School of Medicine,Chemistry,CHEM,Recommended,,,1,-1,-1.0,-1.0,1.0
NY,NYU Grossman Long Island School of Medicine,Creative Writing,ENGL,Recommended,,,-1,1,1.0,1.0,1.0
NY,NYU Grossman Long Island School of Medicine,Molecular Biology,BIOL,Recommended,,,-1,-1,-1.0,-1.0,1.0
NY,NYU Grossman Long Island School of Medicine,Neuroscience,BIOL,Recommended,,,1,-1,-1.0,-1.0,1.0
NY,NYU Grossman Long Island School of Medicine,Physics,PHYS,Recommended,,,1,1,1.0,-1.0,1.0
NY,NYU Grossman Long Island School of Medicine,Psychology,BESS,Recommended,,,-1,1,1.0,-1.0,1.0
NY,NYU Grossman Long Island School of Medicine,Sociology,BESS,Recommended,,,-1,1,-1.0,-1.0,1.0
NY,NYU Grossman School of Medicine,Biochemistry,CHEM,Recommended,,,1,-1,1.0,1.0,1.0
NY,NYU Grossman School of Medicine,Biology,BIOL,Recommended,,,1,-1,1.0,1.0,1.0
NY,NYU Grossman School of Medicine,Chemistry,CHEM,Recommended,Inorganic and Organic Chemistry,,1,-1,1.0,1.0,1.0
NY,NYU Grossman School of Medicine,Composition & Rhetoric,ENGL,Recommended,,,-1,-1,1.0,1.0,1.0
NY,NYU Grossman School of Medicine,Genetics,BIOL,Recommended,,,-1,-1,1.0,1.0,1.0
NY,NYU Grossman School of Medicine,Mathematics,MATH,Recommended,,,-1,-1,1.0,1.0,1.0
NY,NYU Grossman School of Medicine,Physics,PHYS,Recommended,,,1,-1,1.0,1.0,1.0
NY,NYU Grossman School of Medicine,Psychology,BESS,Recommended,,,-1,-1,1.0,1.0,1.0
NY,NYU Grossman School of Medicine,Sociology,BESS,Recommended,,,-1,-1,1.0,1.0,1.0
NY,NYU Grossman School of Medicine,Statistics,MATH,Recommended,,,-1,-1,1.0,1.0,1.0
NY,Renaissance School of Medicine at Stony Brook University,Biology,BIOL,Recommended,Labs are recommended not required.,8,1,1,1.0,1.0,1.0
NY,Renaissance School of Medicine at Stony Brook University,Chemistry,CHEM,Recommended,Labs are recommended not required.,15,1,1,1.0,1.0,1.0
NY,Renaissance School of Medicine at Stony Brook University,Composition & Rhetoric,ENGL,Recommended,,3,-1,1,1.0,1.0,1.0
NY,Renaissance School of Medicine at Stony Brook University,Physics,PHYS,Recommended,Lab is recommended not required.,4,1,1,1.0,1.0,1.0
NY,Renaissance School of Medicine at Stony Brook University,Psychology,BESS,Recommended,Other recommended courses would be Anthropology and Sociology.,3,-1,1,1.0,1.0,1.0
NY,Renaissance School of Medicine at Stony Brook University,Statistics,MATH,Recommended,,3,-1,1,1.0,1.0,1.0
NY,State University of New York Upstate Medical University Alan and Marlene Norton College of Medicine,Anatomy,BIOL,Recommended,,,1,-1,-1.0,-1.0,-1.0
NY,State University of New York Upstate Medical University Alan and Marlene Norton College of Medicine,Biochemistry,CHEM,Required,,3,-1,0,1.0,-1.0,1.0
NY,State University of New York Upstate Medical University Alan and Marlene Norton College of Medicine,Biology,BIOL,Required,,6,1,0,1.0,-1.0,1.0
NY,State University of New York Upstate Medical University Alan and Marlene Norton College of Medicine,Composition & Rhetoric,ENGL,Required,,3,-1,-1,1.0,-1.0,1.0
NY,State University of New York Upstate Medical University Alan and Marlene Norton College of Medicine,Inorganic Chemistry,CHEM,Required,,6,1,0,1.0,-1.0,1.0
NY,State University of New York Upstate Medical University Alan and Marlene Norton College of Medicine,Literature,ENGL,Required,,3,-1,-1,1.0,-1.0,1.0
NY,State University of New York Upstate Medical University Alan and Marlene Norton College of Medicine,Organic Chemistry,CHEM,Required,,3,1,0,1.0,-1.0,1.0
NY,State University of New York Upstate Medical University Alan and Marlene Norton College of Medicine,Physics,PHYS,Required,,6,1,0,1.0,-1.0,1.0
NY,State University of New York Upstate Medical University Alan and Marlene Norton College of Medicine,Physiology,BIOL,Recommended,,,1,-1,-1.0,-1.0,-1.0
NY,State University of New York Upstate Medical University Alan and Marlene Norton College of Medicine,Statistics,MATH,Required,,3,-1,0,1.0,1.0,1.0
NY,SUNY Downstate Health Sciences University College of Medicine,Biology,BIOL,Required,General Biology or Zoology including labs,8,1,0,0.0,0.0,1.0
NY,SUNY Downstate Health Sciences University College of Medicine,Chemistry,CHEM,Required,"General or Inorganic Chemistry 1 & 2  including labs* (8 credits) &  Organic Chemistry 1 & 2 including labs (8 credits)  *If your college/university offers an intensive one-semester general or inorganic chemistry course with lab for qualified students, and considers this equivalent to the traditional two-semester course, you may use this to satisfy our requirement for general chemistry. However, you should also take a higher level chemistry course, preferably Biochemistry. In addition, you should indicate in the prerequisite section on the Supplemental Application that the one-semester course is an advanced general or inorganic chemistry course, and upload a copy of the catalog description or a letter from the Department of Chemistry verifying this to your admissions portal. Remember to include your name and AMCAS ID on any communication with us.",16,1,0,0.0,0.0,1.0
NY,SUNY Downstate Health Sciences University College of Medicine,Composition & Rhetoric,ENGL,Required,"In general, the Committee does not accept English courses taken abroad to fulfill the English admission requirement. Courses which have the English department prefix are accepted to fulfill the English requirement. If you have an interdisciplinary course or if your college or university accepts other courses to fulfill writing or English requirements, if accepted, please upload a scanned letter from your college stating this information to your admissions portal. Remember to include your name and AMCAS ID on any communication with us.",6,-1,1,1.0,1.0,1.0
NY,SUNY Downstate Health Sciences University College of Medicine,Physics,PHYS,Required,,8,1,0,0.0,0.0,1.0
NY,University of Rochester School of Medicine and Dentistry,Biochemistry,CHEM,Recommended,,,-1,-1,-1.0,-1.0,1.0
NY,University of Rochester School of Medicine and Dentistry,Biology,BIOL,Required,"One year of biology with laboratory. Biochemistry or botany will not satisfy this requirement. AP credit cannot be used to satisfy this requirement. If your undergraduate college granted you credit through AP coursework, you may take upper level courses in biology with laboratory to satisfy this requirement.",,1,-1,-1.0,-1.0,1.0
NY,University of Rochester School of Medicine and Dentistry,Chemistry,CHEM,Required,"One year of chemistry with laboratory which must include either one year of organic chemistry or one semester of organic and one semester of biochemistry. AP credit cannot be used to satisfy this requirement. If your undergraduate college granted you credit through AP coursework, you may take upper-level courses in chemistry with laboratory to satisfy this requirement.",,1,-1,-1.0,-1.0,1.0
NY,University of Rochester School of Medicine and Dentistry,Genetics,BIOL,Recommended,,,-1,-1,-1.0,-1.0,1.0
NY,University of Rochester School of Medicine and Dentistry,Mathematics,MATH,Required,One semester of either calculus or statistics. AP credit can be used to meet this requirement.,,-1,-1,1.0,-1.0,1.0
NY,University of Rochester School of Medicine and Dentistry,Physics,PHYS,Required,One year of physics with laboratory. AP credit can be used to meet one semester of the physics requirement.,,1,-1,1.0,-1.0,1.0
NY,University of Rochester School of Medicine and Dentistry,Physiology,BIOL,Recommended,,,-1,-1,-1.0,-1.0,1.0
NY,Weill Cornell Medicine,Biology,BIOL,Required,General,,1,1,-1.0,1.0,1.0
NY,Weill Cornell Medicine,Chemistry,CHEM,Required,General and Organic,,1,1,-1.0,1.0,1.0
NY,Weill Cornell Medicine,Literature,ENGL,Required,WCMC requires two semesters of writing-intensive courses,,-1,1,-1.0,1.0,1.0
NY,Weill Cornell Medicine,Physics,PHYS,Required,General,,1,1,1.0,1.0,1.0
OH,Case Western Reserve University School of Medicine,Biochemistry,CHEM,Required,This course must cover metabolism,3,-1,-1,-1.0,1.0,0.0
OH,Case Western Reserve University School of Medicine,Chemistry,CHEM,Required,"Any general chemistry course with labs (require 1 year total), and can also be fulfilled via AP.",6,1,-1,1.0,-1.0,0.0
OH,Case Western Reserve University School of Medicine,Creative Writing,ENGL,Required,"Any English, literature, or writing class will fulfill this requirement (it is very flexible).",3,-1,-1,-1.0,1.0,1.0
OH,Case Western Reserve University School of Medicine,Physical Chemistry,CHEM,Required,"Any chemistry course with lab beyond general chemistry will suffice.  For example, organic chemistry or any other type of chemistry course",3,1,-1,-1.0,-1.0,0.0
OH,Northeast Ohio Medical University,Biology,BIOL,Required,Two semesters of biology,6,-1,0,1.0,1.0,1.0
OH,Northeast Ohio Medical University,Chemistry,CHEM,Required,"Organic Chemistry I & lab,Organic Chemistry II,Biochemistry (one semester, biochemistry lab not required)",9,1,0,1.0,1.0,1.0
OH,Northeast Ohio Medical University,Physics,PHYS,Required,Two semesters of Physics,6,-1,0,1.0,1.0,1.0
OH,Ohio State University College of Medicine,Anatomy,BIOL,Recommended,One semester/quarter course in anatomy recommended.,,-1,0,1.0,0.0,1.0
OH,Ohio State University College of Medicine,Anthropology,BESS,Recommended,,,-1,0,1.0,0.0,1.0
OH,Ohio State University College of Medicine,Biochemistry,CHEM,Required,One semester/quarter course in biochemistry required.,3,-1,0,1.0,0.0,1.0
OH,Ohio State University College of Medicine,Biology,BIOL,Required,Two semesters or three quarters required.,3,-1,0,1.0,0.0,1.0
OH,Ohio State University College of Medicine,Chemistry,CHEM,Required,Two semesters or three quarters that consists of a general chemistry series including laboratory work incorporating quantitative and qualitative analysis is required.,8,1,0,1.0,0.0,1.0
OH,Ohio State University College of Medicine,Composition & Rhetoric,ENGL,Recommended,"Courses that emphasize written and verbal communication. Applicants are required to demonstrate spoken, auditory, reading and writing proficiency in the English language.",,-1,0,1.0,1.0,1.0
OH,Ohio State University College of Medicine,Economics,BESS,Recommended,,,-1,0,1.0,0.0,1.0
OH,Ohio State University College of Medicine,Literature,ENGL,Recommended,"Other courses in humanities are also recommended, such as courses in art, music, drama, literature and languages",,-1,0,1.0,1.0,1.0
OH,Ohio State University College of Medicine,Organic Chemistry,CHEM,Required,Two semesters or three quarters of an organic chemistry series that includes one year of a lab experience or equivalent.,10,1,0,1.0,0.0,1.0
OH,Ohio State University College of Medicine,Physics,PHYS,Required,Two semesters or three quarters with a laboratory experience is required.,8,1,0,1.0,0.0,1.0
OH,Ohio State University College of Medicine,Psychology,BESS,Recommended,,,-1,0,1.0,0.0,1.0
OH,Ohio State University College of Medicine,Sociology,BESS,Recommended,,,-1,0,1.0,0.0,1.0
OH,The University of Toledo College of Medicine and Life Sciences,Anatomy,BIOL,Recommended,RECOMMENDED: Anatomy coursework,,-1,1,1.0,1.0,1.0
OH,The University of Toledo College of Medicine and Life Sciences,Biochemistry,CHEM,Required,REQUIRED: One semester of Biochemistry,,-1,1,1.0,1.0,1.0
OH,The University of Toledo College of Medicine and Life Sciences,Biology,BIOL,Required,REQUIRED: One year of Biological Sciences,,-1,1,1.0,1.0,1.0
OH,The University of Toledo College of Medicine and Life Sciences,Biostatistics,MATH,Recommended,RECOMMENDED: Biostatistics,,-1,1,1.0,1.0,1.0
OH,The University of Toledo College of Medicine and Life Sciences,Chemistry,CHEM,Required,REQUIRED: One year of Organic Chemistry with Labs,,1,1,1.0,0.0,1.0
OH,The University of Toledo College of Medicine and Life Sciences,Composition & Rhetoric,ENGL,Recommended,RECOMMENDED: English Coursework,,-1,1,1.0,1.0,1.0
OH,The University of Toledo College of Medicine and Life Sciences,Genetics,BIOL,Recommended,RECOMMENDED: Genetics coursework,,-1,1,1.0,1.0,1.0
OH,The University of Toledo College of Medicine and Life Sciences,Mathematics,MATH,Recommended,RECOMMENDED: Mathematics coursework,,-1,1,1.0,1.0,1.0
OH,The University of Toledo College of Medicine and Life Sciences,Microbiology,BIOL,Recommended,RECOMMENDED: Microbiology coursework,,-1,1,1.0,1.0,1.0
OH,The University of Toledo College of Medicine and Life Sciences,Physics,PHYS,Required,REQUIRED: One year of Physics,,-1,1,1.0,1.0,1.0
OH,The University of Toledo College of Medicine and Life Sciences,Physiology,BIOL,Recommended,RECOMMENDED: Physiology coursework,,-1,1,1.0,1.0,1.0
OH,The University of Toledo College of Medicine and Life Sciences,Psychology,BESS,Recommended,RECOMMENDED: Psychology coursework,,-1,1,1.0,1.0,1.0
OH,The University of Toledo College of Medicine and Life Sciences,Sociology,BESS,Recommended,RECOMMENDED: Social Science coursework,,-1,1,1.0,1.0,1.0
OH,University of Cincinnati College of Medicine,Biochemistry,CHEM,Recommended,,,-1,1,1.0,1.0,1.0
OH,University of Cincinnati College of Medicine,Biology,BIOL,Recommended,,,-1,1,1.0,1.0,1.0
OH,University of Cincinnati College of Medicine,Chemistry,CHEM,Recommended,Organic chemistry,,-1,1,1.0,1.0,1.0
OH,University of Cincinnati College of Medicine,Physical Chemistry,CHEM,Recommended,General Chemistry,,-1,1,1.0,1.0,1.0
OH,University of Cincinnati College of Medicine,Physics,PHYS,Recommended,,,-1,1,1.0,1.0,1.0
OH,University of Cincinnati College of Medicine,Psychology,BESS,Recommended,,,-1,1,1.0,1.0,1.0
OH,Wright State University Boonshoft School of Medicine,Biochemistry,CHEM,Required,One semester or two quarters of Biochemstry is required. A biochemistry lab is not required.,3,-1,1,0.0,-1.0,1.0
OH,Wright State University Boonshoft School of Medicine,Biology,BIOL,Required,Two semesters or three-quarters of college Biology with labs are required.,8,1,1,0.0,-1.0,1.0
OH,Wright State University Boonshoft School of Medicine,Chemistry,CHEM,Required,Two semesters or three quarters of College Chemistry with labs are required. Two semesters or three quarters of Organic Chemistry with labs are required.,16,1,1,0.0,-1.0,1.0
OH,Wright State University Boonshoft School of Medicine,Composition & Rhetoric,ENGL,Required,Two semesters or 3 quarters of college English are required. Other courses that are designated writing intensive or Writing Across the Curriculum (WAC) in a university publication or on your academic transcript are also accepted.  If you wish to use additional courses that you have taken that meet this criteria please contact our office at som-admissions@wright.edu after completing your secondary application to provide documentation or a link to the university catalog that notes this designation. Syllabi are not accepted.,6,-1,1,0.0,1.0,1.0
OH,Wright State University Boonshoft School of Medicine,Mathematics,MATH,Required,Two semesters or three quarters of college mathematics are required.,6,-1,1,0.0,1.0,1.0
OH,Wright State University Boonshoft School of Medicine,Physics,PHYS,Required,Two semesters or three quarters of College Physics with labs are required.,8,1,1,0.0,-1.0,1.0
OK,University of Oklahoma College of Medicine,Biochemistry,CHEM,Recommended,,3,-1,-1,1.0,1.0,1.0
OK,University of Oklahoma College of Medicine,Genetics,BIOL,Recommended,,3,-1,-1,1.0,1.0,1.0
OK,University of Oklahoma College of Medicine,Physics,PHYS,Recommended,We recommend two semesters.,6,-1,-1,0.0,1.0,1.0
OK,University of Oklahoma College of Medicine,Psychology,BESS,Recommended,,9,-1,-1,1.0,1.0,1.0
OK,University of Oklahoma College of Medicine,Zoology,BIOL,Recommended,We recommend one semester with lab.,3,1,-1,1.0,0.0,1.0
OR,Oregon Health & Science University School of Medicine,Human Anatomy,BIOL,Recommended,,,1,-1,-1.0,-1.0,-1.0
OR,Oregon Health & Science University School of Medicine,Physiology,BIOL,Recommended,,,1,-1,-1.0,-1.0,-1.0
PA,Drexel University College of Medicine,Biochemistry,CHEM,Recommended,,,1,-1,1.0,1.0,1.0
PA,Drexel University College of Medicine,Biology,BIOL,Recommended,"Behavioral and social sciences – a medical career requires an appreciation that social, cultural, and behavioral issues influence individuals and communities regarding their understanding of health and illness. Applicants may explore factors that contribute to health care policy and delivery. These issues may be addressed through course work in history, sociology, psychology, philosophy, anthropology, ethics, and economics.",,1,-1,1.0,1.0,1.0
PA,Drexel University College of Medicine,Chemistry,CHEM,Recommended,"Chemistry – with an emphasis on an integrated sequence that leads to the mastery of biologically relevant general chemistry, organic chemistry, and biochemistry. This competency may be met with two years of chemistry through the level of college biochemistry. Many possible course selections may be used for this recommendation.",,1,-1,1.0,1.0,1.0
PA,Drexel University College of Medicine,Composition & Rhetoric,ENGL,Recommended,"English literature/communication/intensive writing experience – a successful applicant must be competent to write, speak, and read the English language fluently. Proficiency in other languages is valued.",,-1,-1,1.0,1.0,1.0
PA,Drexel University College of Medicine,Physics,PHYS,Recommended,"Physics – with an emphasis on the principles of mechanisms, kinetics, thermodynamics, wave motion, electricity and magnetism. This competency may be met with a course in college physics.",,1,-1,1.0,1.0,1.0
PA,Drexel University College of Medicine,Sociology,BESS,Recommended,"Behavioral and social sciences – a medical career requires an appreciation that social, cultural, and behavioral issues influence individuals and communities regarding their understanding of health and illness. Applicants may explore factors that contribute to health care policy and delivery. These issues may be addressed through course work in history, sociology, psychology, philosophy, anthropology, ethics, and economics.",,-1,-1,1.0,1.0,1.0
PA,Drexel University College of Medicine,Statistics,MATH,Recommended,"Statistics and probability – with emphasis on hypothesis testing, quantitative scientific reasoning analysis, and biostatistics. A course in biostatistics is one way to demonstrate proficiency in this competency. Knowledge of statistics is important for understanding the literature of science and medicine.",,-1,-1,1.0,1.0,1.0
PA,Geisinger Commonwealth School of Medicine,Biochemistry,CHEM,Recommended,,4,1,-1,1.0,-1.0,1.0
PA,Geisinger Commonwealth School of Medicine,Biochemistry,CHEM,Required,2 semesters each of organic chemistry with labBiochemistry will not be accepted in lieu of organic chemistry.,8,1,-1,1.0,-1.0,1.0
PA,Geisinger Commonwealth School of Medicine,Biology,BIOL,Recommended,2 semesters each of general biology with labUpper level biology courses will be considered.,8,1,-1,1.0,-1.0,1.0
PA,Geisinger Commonwealth School of Medicine,Chemistry,CHEM,Recommended,2 semesters each of organic chemistry with lab.Biochemistry coursework will not be accepted in lieu of organic chemistry.,8,1,-1,1.0,-1.0,1.0
PA,Geisinger Commonwealth School of Medicine,Chemistry,CHEM,Required,2 semesters each of general chemsitry with lab,8,1,-1,1.0,-1.0,1.0
PA,Geisinger Commonwealth School of Medicine,Physical Chemistry,CHEM,Recommended,2 semesters each of general chemistry with lab.Upper level coursework will be considered.,8,1,-1,1.0,-1.0,1.0
PA,Geisinger Commonwealth School of Medicine,Physics,PHYS,Recommended,2 semesters each of general physics with labUpper level physics coursework will be considered.,8,1,-1,1.0,-1.0,1.0
PA,Geisinger Commonwealth School of Medicine,Statistics,MATH,Recommended,,3,-1,-1,1.0,-1.0,1.0
PA,Lewis Katz School of Medicine at Temple University,Biochemistry,CHEM,Recommended,Biochemistry,3,-1,0,1.0,0.0,0.0
PA,Lewis Katz School of Medicine at Temple University,Biology,BIOL,Recommended,Biology 1 and 2,8,1,0,1.0,0.0,0.0
PA,Lewis Katz School of Medicine at Temple University,Chemistry,CHEM,Recommended,General Chemistry 1 and 2 AND Organic Chemistry 1 and 2,16,1,0,1.0,0.0,0.0
PA,Lewis Katz School of Medicine at Temple University,Physics,PHYS,Recommended,Physics 1 and 2,8,1,0,1.0,0.0,0.0
PA,Lewis Katz School of Medicine at Temple University,Psychology,BESS,Recommended,,3,-1,0,1.0,0.0,0.0
PA,Lewis Katz School of Medicine at Temple University,Sociology,BESS,Recommended,,3,-1,0,1.0,0.0,0.0
PA,Pennsylvania State University College of Medicine,Anatomy,BIOL,Recommended,Human anatomy with lab or equivalent (1 year/2 semesters),,1,-1,1.0,0.0,1.0
PA,Pennsylvania State University College of Medicine,Biochemistry,CHEM,Recommended,Biochemistry (1 semester),,-1,-1,1.0,0.0,1.0
PA,Pennsylvania State University College of Medicine,Biology,BIOL,Recommended,General biology with lab (1 year/2 semesters),,1,-1,1.0,0.0,1.0
PA,Pennsylvania State University College of Medicine,Chemistry,CHEM,Recommended,General/inorganic chemistry with lab (1 year/2 semesters),,1,-1,1.0,0.0,1.0
PA,Pennsylvania State University College of Medicine,Microbiology,BIOL,Recommended,Microbiology (1 semester),,-1,-1,1.0,0.0,1.0
PA,Pennsylvania State University College of Medicine,Physical Chemistry,CHEM,Recommended,Organic chemistry with lab (1 year/2 semesters),,1,-1,1.0,0.0,1.0
PA,Pennsylvania State University College of Medicine,Physics,PHYS,Recommended,Physics with lab (1 year/2 semesters),,1,-1,1.0,0.0,1.0
PA,Pennsylvania State University College of Medicine,Physiology,BIOL,Recommended,Physiology with lab or equivalent (1 year/2 semesters),,1,-1,1.0,0.0,1.0
PA,Pennsylvania State University College of Medicine,Statistics,MATH,Recommended,Statistics course (1 semester),,-1,-1,1.0,0.0,1.0
PA,Perelman School of Medicine at the University of Pennsylvania,Anatomy,BIOL,Recommended,,,-1,1,1.0,0.0,0.0
PA,Perelman School of Medicine at the University of Pennsylvania,Anthropology,BESS,Recommended,,,-1,1,1.0,1.0,0.0
PA,Perelman School of Medicine at the University of Pennsylvania,Biochemistry,CHEM,Recommended,,,-1,1,1.0,0.0,0.0
PA,Perelman School of Medicine at the University of Pennsylvania,Biology,BIOL,Recommended,,,1,1,1.0,0.0,0.0
PA,Perelman School of Medicine at the University of Pennsylvania,Chemistry,CHEM,Recommended,,,1,1,1.0,0.0,0.0
PA,Perelman School of Medicine at the University of Pennsylvania,Composition & Rhetoric,ENGL,Recommended,,,-1,1,1.0,0.0,0.0
PA,Perelman School of Medicine at the University of Pennsylvania,Creative Writing,ENGL,Recommended,,,-1,1,1.0,0.0,0.0
PA,Perelman School of Medicine at the University of Pennsylvania,Economics,BESS,Recommended,,,-1,1,1.0,1.0,0.0
PA,Perelman School of Medicine at the University of Pennsylvania,Family Studies,BESS,Recommended,,,-1,1,1.0,1.0,0.0
PA,Perelman School of Medicine at the University of Pennsylvania,Genetics,BIOL,Recommended,,,-1,1,1.0,0.0,0.0
PA,Perelman School of Medicine at the University of Pennsylvania,Literature,ENGL,Recommended,,,-1,1,1.0,0.0,0.0
PA,Perelman School of Medicine at the University of Pennsylvania,Mathematics,MATH,Recommended,,,-1,1,1.0,0.0,0.0
PA,Perelman School of Medicine at the University of Pennsylvania,Physical Chemistry,CHEM,Recommended,,,-1,1,1.0,0.0,0.0
PA,Perelman School of Medicine at the University of Pennsylvania,Physics,PHYS,Recommended,,,-1,1,1.0,0.0,0.0
PA,Perelman School of Medicine at the University of Pennsylvania,Psychology,BESS,Recommended,,,-1,1,1.0,1.0,0.0
PA,Perelman School of Medicine at the University of Pennsylvania,Sociology,BESS,Recommended,,,-1,1,1.0,1.0,0.0
PA,Perelman School of Medicine at the University of Pennsylvania,Statistics,MATH,Recommended,,,-1,1,1.0,0.0,0.0
PA,Sidney Kimmel Medical College at Thomas Jefferson University,Biochemistry,CHEM,Recommended,,,-1,0,1.0,1.0,1.0
PA,Sidney Kimmel Medical College at Thomas Jefferson University,Biology,BIOL,Recommended,,,1,0,1.0,1.0,1.0
PA,Sidney Kimmel Medical College at Thomas Jefferson University,Chemistry,CHEM,Recommended,,,1,0,1.0,1.0,1.0
PA,Sidney Kimmel Medical College at Thomas Jefferson University,Physical Chemistry,CHEM,Recommended,,,1,0,1.0,1.0,1.0
PA,Sidney Kimmel Medical College at Thomas Jefferson University,Physics,PHYS,Recommended,,,1,0,1.0,1.0,1.0
PA,Sidney Kimmel Medical College at Thomas Jefferson University,Statistics,MATH,Recommended,,,-1,0,1.0,1.0,1.0
PA,University of Pittsburgh School of Medicine,Biochemistry,CHEM,Required,one half year (in addition to organic chemistry),,-1,1,1.0,1.0,1.0
PA,University of Pittsburgh School of Medicine,Biology,BIOL,Required,"one full year (excluding Microbiology, Botany, Ecology, and Anatomy) with one full year lab or a single two credit lab",,1,1,1.0,1.0,1.0
PA,University of Pittsburgh School of Medicine,Chemistry,CHEM,Required,General / Inorganic Chemistry:  one full year with one full year lab or a single two credit lab,,1,1,1.0,1.0,1.0
PA,University of Pittsburgh School of Medicine,Composition & Rhetoric,ENGL,Required,one full year (We will accept courses taken outside of the English department that are deemed writing intensive by your college/university and Philosophy courses to fulfill this requirement.),,-1,1,1.0,1.0,1.0
PA,University of Pittsburgh School of Medicine,Neuroscience,BIOL,Recommended,one half year (we will NOT accept this to fulfill the biology requirement).,,-1,1,1.0,1.0,1.0
PA,University of Pittsburgh School of Medicine,Physical Chemistry,CHEM,Required,Organic Chemistry – one half year with one half year lab or a single credit lab; PLUSBiochemistry – one half year;,,1,1,1.0,1.0,1.0
PA,University of Pittsburgh School of Medicine,Physics,PHYS,Required,one full year with one full year lab or a single two credit lab,,1,1,1.0,1.0,1.0
PA,University of Pittsburgh School of Medicine,Physiology,BIOL,Recommended,one half year.,,-1,1,1.0,1.0,1.0
PA,University of Pittsburgh School of Medicine,Psychology,BESS,Recommended,one half year.,,-1,1,1.0,1.0,1.0
PA,University of Pittsburgh School of Medicine,Statistics,MATH,Required,"one half year, preferably Biostatistics (excluding Calculus). (Courses with substantial biostatistics may be accepted to meet the biostatistics requirement).",,-1,1,1.0,1.0,1.0
PR,Ponce Health Sciences University School of Medicine,Biology,BIOL,Required,,8,1,0,0.0,0.0,1.0
PR,Ponce Health Sciences University School of Medicine,Chemistry,CHEM,Required,General Chemistry (8 credits) and Organic Chemistry (8 credits),16,1,0,0.0,0.0,1.0
PR,Ponce Health Sciences University School of Medicine,Creative Writing,ENGL,Required,"The English requisites are direct language classes (grammar or literature). For the English courses, classes from other departments described as “intensive writing” may be considered as substitutes.",3,-1,1,1.0,1.0,1.0
PR,Ponce Health Sciences University School of Medicine,Mathematics,MATH,Required,College-Level Mathematics,6,-1,0,1.0,0.0,1.0
PR,Ponce Health Sciences University School of Medicine,Physics,PHYS,Required,General Physics,8,1,0,0.0,0.0,1.0
PR,Ponce Health Sciences University School of Medicine,Psychology,BESS,Required,"Courses in any of the following fields are accepted: Anthropology, Psychology, Sociology, Political Science, or Economics.",6,-1,1,1.0,1.0,1.0
PR,San Juan Bautista School of Medicine,Anthropology,BESS,Required,This course is part of the required 9 credits in behavioral and social sciences coursework. Courses in economics or political science are also accepted,3,-1,-1,-1.0,-1.0,-1.0
PR,San Juan Bautista School of Medicine,Biochemistry,CHEM,Recommended,,3,-1,-1,-1.0,-1.0,-1.0
PR,San Juan Bautista School of Medicine,Biology,BIOL,Required,General Biology I and II,8,1,-1,-1.0,-1.0,-1.0
PR,San Juan Bautista School of Medicine,Chemistry,CHEM,Required,General Chemistry I and II,8,1,-1,-1.0,-1.0,-1.0
PR,San Juan Bautista School of Medicine,Literature,ENGL,Required,,9,-1,-1,1.0,-1.0,-1.0
PR,San Juan Bautista School of Medicine,Physics,PHYS,Required,General physics I and II,8,1,-1,-1.0,-1.0,-1.0
PR,San Juan Bautista School of Medicine,Psychology,BESS,Required,This course is part of the required 9 credits in behavioral and social sciences coursework. Courses in economics or political science are also accepted,3,-1,-1,-1.0,-1.0,-1.0
PR,San Juan Bautista School of Medicine,Sociology,BESS,Required,This course is part of the required 9 credits in behavioral and social sciences coursework. Courses in economics or political science are also accepted,3,-1,-1,-1.0,-1.0,-1.0
PR,Universidad Central del Caribe School of Medicine,Anatomy,BIOL,Recommended,,,-1,-1,-1.0,-1.0,1.0
PR,Universidad Central del Caribe School of Medicine,Anthropology,BESS,Recommended,,,-1,-1,-1.0,-1.0,1.0
PR,Universidad Central del Caribe School of Medicine,Biochemistry,CHEM,Recommended,,,-1,-1,-1.0,-1.0,1.0
PR,Universidad Central del Caribe School of Medicine,Biology,BIOL,Required,,8,1,-1,-1.0,-1.0,1.0
PR,Universidad Central del Caribe School of Medicine,Cell Biology,BIOL,Recommended,,,-1,-1,-1.0,-1.0,1.0
PR,Universidad Central del Caribe School of Medicine,Chemistry,CHEM,Required,,8,1,-1,-1.0,-1.0,1.0
PR,Universidad Central del Caribe School of Medicine,Genetics,BIOL,Recommended,,,-1,-1,-1.0,-1.0,1.0
PR,Universidad Central del Caribe School of Medicine,Histology,BIOL,Recommended,,,-1,-1,-1.0,-1.0,1.0
PR,Universidad Central del Caribe School of Medicine,Mathematics,MATH,Required,,6,-1,-1,1.0,-1.0,1.0
PR,Universidad Central del Caribe School of Medicine,Microbiology,BIOL,Recommended,,,-1,-1,-1.0,-1.0,1.0
PR,Universidad Central del Caribe School of Medicine,Molecular Biology,BIOL,Recommended,,,-1,-1,-1.0,-1.0,1.0
PR,Universidad Central del Caribe School of Medicine,Organic Chemistry,CHEM,Required,,8,1,-1,-1.0,-1.0,1.0
PR,Universidad Central del Caribe School of Medicine,Physics,PHYS,Required,,8,1,-1,-1.0,1.0,1.0
PR,Universidad Central del Caribe School of Medicine,Psychology,BESS,Recommended,,,-1,-1,-1.0,-1.0,1.0
PR,Universidad Central del Caribe School of Medicine,Psychology,BESS,Recommended,"Sociology, Anthropology, and Economics are recommended. Please contact us for more information.",,-1,-1,-1.0,-1.0,1.0
PR,Universidad Central del Caribe School of Medicine,Zoology,BIOL,Recommended,,8,1,-1,-1.0,1.0,1.0
PR,University of Puerto Rico School of Medicine,Biology,BIOL,Required,,8,1,1,1.0,1.0,1.0
PR,University of Puerto Rico School of Medicine,Chemistry,CHEM,Required,8-semester credits of General Chemistry and 8-semester credits of Organic Chemistry,16,1,1,1.0,1.0,1.0
PR,University of Puerto Rico School of Medicine,Literature,ENGL,Required,"The program requires 12 semester credits of English or 6 semester credits of Honors or Advanced courses with an A or B. Additionally, it requires 12 semester credits of Spanish or 6 semester credits of Honors or Advanced courses with an A or B.",24,-1,1,1.0,1.0,1.0
PR,University of Puerto Rico School of Medicine,Physics,PHYS,Required,,8,1,1,1.0,1.0,1.0
PR,University of Puerto Rico School of Medicine,Sociology,BESS,Required,"Psychology, Sociology, Economics, Politics, Anthropology, and Ethics courses are accepted.",12,-1,1,1.0,1.0,1.0
RI,The Warren Alpert Medical School of Brown University,Biochemistry,CHEM,Required,One course in Biochemistry with lab is required.,,1,-1,-1.0,-1.0,1.0
RI,The Warren Alpert Medical School of Brown University,Biology,BIOL,Required,"Two courses with a grade of B or higher, covering cell biology and genetics (lab experience is highly recommended)",0,-1,-1,-1.0,-1.0,1.0
RI,The Warren Alpert Medical School of Brown University,Chemistry,CHEM,Required,"Two courses in general (inorganic) chemistry, one course in organic chemistry. (Biochemistry is also required and listed separately.)",,1,-1,0.0,-1.0,1.0
RI,The Warren Alpert Medical School of Brown University,Composition & Rhetoric,ENGL,Recommended,"While there is no specific course requirement, strong writing skills are expected. Courses that involve substantial expository writing (e.g., English, philosophy, history) can enhance writing skills.",,-1,1,1.0,1.0,1.0
RI,The Warren Alpert Medical School of Brown University,Mathematics,MATH,Required,One course in calculus or statistics (biostatistics preferred),,-1,-1,1.0,-1.0,1.0
RI,The Warren Alpert Medical School of Brown University,Physics,PHYS,Required,"Two-course sequence covering mechanics, heat, electricity, optics, and radiation physics.",,-1,-1,0.0,-1.0,1.0
SC,Medical University of South Carolina College of Medicine,Anatomy,BIOL,Recommended,"Online courses from an accredited college/university may be acceptable. However, formal in-person classroom instruction is preferred.",,1,-1,1.0,1.0,1.0
SC,Medical University of South Carolina College of Medicine,Biochemistry,CHEM,Recommended,,,-1,-1,1.0,0.0,1.0
SC,Medical University of South Carolina College of Medicine,Biology,BIOL,Recommended,,,1,-1,1.0,0.0,1.0
SC,Medical University of South Carolina College of Medicine,Calculus,MATH,Recommended,,,-1,-1,1.0,0.0,1.0
SC,Medical University of South Carolina College of Medicine,Cell Biology,BIOL,Recommended,,,1,-1,1.0,0.0,1.0
SC,Medical University of South Carolina College of Medicine,Genetics,BIOL,Recommended,,,-1,-1,1.0,1.0,1.0
SC,Medical University of South Carolina College of Medicine,Inorganic Chemistry,CHEM,Recommended,,,1,-1,1.0,0.0,1.0
SC,Medical University of South Carolina College of Medicine,Mathematics,MATH,Recommended,,,-1,-1,1.0,0.0,1.0
SC,Medical University of South Carolina College of Medicine,Organic Chemistry,CHEM,Recommended,,,1,-1,1.0,0.0,1.0
SC,Medical University of South Carolina College of Medicine,Physics,PHYS,Recommended,,,-1,-1,1.0,0.0,1.0
SC,Medical University of South Carolina College of Medicine,Psychology,BESS,Recommended,"Online courses from an accredited college/university may be acceptable. However, formal in-person classroom instruction is preferred.",,-1,-1,1.0,1.0,1.0
SC,Medical University of South Carolina College of Medicine,Zoology,BIOL,Recommended,,,1,-1,1.0,0.0,1.0
SC,University of South Carolina School of Medicine Columbia,Biochemistry,CHEM,Recommended,Biochemistry - at least one semester,,-1,1,1.0,1.0,1.0
SC,University of South Carolina School of Medicine Columbia,Biology,BIOL,Recommended,General Biology - two semesters,,-1,1,1.0,1.0,1.0
SC,University of South Carolina School of Medicine Columbia,Chemistry,CHEM,Recommended,General Chemistry - two semesters and Organic Chemistry - two semesters,,-1,1,1.0,1.0,1.0
SC,University of South Carolina School of Medicine Greenville,Biochemistry,CHEM,Required,,3,-1,-1,-1.0,0.0,0.0
SC,University of South Carolina School of Medicine Greenville,Biology,BIOL,Required,"If using AP or IB credit, an additional semester in advanced biology such as cell biology, genetics, physiology, or molecular biology is required.",8,1,-1,1.0,1.0,1.0
SC,University of South Carolina School of Medicine Greenville,Cell Biology,BIOL,Recommended,Recommended Course,4,1,-1,-1.0,0.0,0.0
SC,University of South Carolina School of Medicine Greenville,Chemistry,CHEM,Required,"General inorganic chemistry with lab + Organic chemistry with labWe do not require a second semester of organic chemistry with lab. However, you may need to take a second semester to meet your undergraduate institution’s perquisite requirements for biochemistry.",12,1,-1,1.0,1.0,1.0
SC,University of South Carolina School of Medicine Greenville,Genetics,BIOL,Recommended,,4,1,-1,-1.0,0.0,0.0
SC,University of South Carolina School of Medicine Greenville,Physics,PHYS,Required,,4,1,-1,1.0,1.0,1.0
SC,University of South Carolina School of Medicine Greenville,Physiology,BIOL,Recommended,,4,1,-1,-1.0,0.0,0.0
SD,"University of South Dakota, Sanford School of Medicine",Biochemistry,CHEM,Required,,3,-1,0,-1.0,1.0,1.0
SD,"University of South Dakota, Sanford School of Medicine",Biology,BIOL,Required,"Two semesters of General/Introductory Biology or combination with other upper level Biology courses such as Cell Biology, Molecular Biology etc.",8,1,0,1.0,1.0,1.0
SD,"University of South Dakota, Sanford School of Medicine",Chemistry,CHEM,Required,General Chemistry I and II & an Organic Chemistry course with lab.,12,1,0,1.0,1.0,1.0
SD,"University of South Dakota, Sanford School of Medicine",Composition & Rhetoric,ENGL,Recommended,,,-1,0,1.0,1.0,1.0
SD,"University of South Dakota, Sanford School of Medicine",Genetics,BIOL,Recommended,,3,-1,0,-1.0,1.0,1.0
SD,"University of South Dakota, Sanford School of Medicine",Mathematics,MATH,Required,College Algebra level or higher.,3,-1,0,1.0,1.0,1.0
SD,"University of South Dakota, Sanford School of Medicine",Microbiology,BIOL,Recommended,,4,1,0,-1.0,1.0,1.0
SD,"University of South Dakota, Sanford School of Medicine",Physics,PHYS,Required,,8,1,0,1.0,1.0,1.0
SD,"University of South Dakota, Sanford School of Medicine",Physiology,BIOL,Recommended,,3,-1,0,-1.0,1.0,1.0
SD,"University of South Dakota, Sanford School of Medicine",Psychology,BESS,Recommended,,3,-1,0,1.0,1.0,1.0
SD,"University of South Dakota, Sanford School of Medicine",Sociology,BESS,Recommended,,,-1,0,1.0,1.0,1.0
SD,"University of South Dakota, Sanford School of Medicine",Statistics,MATH,Required,,3,-1,0,-1.0,1.0,1.0
TN,East Tennessee State University James H. Quillen College of Medicine,Biochemistry,CHEM,Recommended,,,1,0,1.0,1.0,1.0
TN,East Tennessee State University James H. Quillen College of Medicine,Biology,BIOL,Recommended,,,1,0,1.0,1.0,1.0
TN,East Tennessee State University James H. Quillen College of Medicine,Chemistry,CHEM,Recommended,Organic & Inorganic,,-1,0,1.0,1.0,1.0
TN,East Tennessee State University James H. Quillen College of Medicine,Composition & Rhetoric,ENGL,Recommended,College English,,1,0,1.0,1.0,1.0
TN,East Tennessee State University James H. Quillen College of Medicine,Genetics,BIOL,Recommended,,,-1,0,1.0,1.0,1.0
TN,East Tennessee State University James H. Quillen College of Medicine,Mathematics,MATH,Recommended,College Mathematics; Calculus,,1,0,1.0,1.0,1.0
TN,East Tennessee State University James H. Quillen College of Medicine,Physics,PHYS,Recommended,,,-1,0,1.0,1.0,1.0
TN,East Tennessee State University James H. Quillen College of Medicine,Psychology,BESS,Recommended,,,1,0,1.0,1.0,1.0
TN,East Tennessee State University James H. Quillen College of Medicine,Sociology,BESS,Recommended,,,1,0,1.0,1.0,1.0
TN,East Tennessee State University James H. Quillen College of Medicine,Zoology,BIOL,Recommended,,,1,0,1.0,1.0,1.0
TN,Meharry Medical College,Biochemistry,CHEM,Required,"One semester of Biochemistry.  If course is taken at the community college level, applicant should ensure that content is directed toward students who are expected to complete further health sciences study.",3,-1,-1,-1.0,-1.0,-1.0
TN,Meharry Medical College,Biology,BIOL,Required,General Biology 1 and 2 course sequence.  Zoology is an acceptable substitute.,8,1,-1,-1.0,-1.0,-1.0
TN,Meharry Medical College,Chemistry,CHEM,Required,General Chemistry 1 and 2 course sequence. Inorganic Chemistry 1 and 2 are an acceptable substitute.Organic Chemistry 1 and 2 course sequence is also required.,16,1,-1,-1.0,-1.0,-1.0
TN,Meharry Medical College,Composition & Rhetoric,ENGL,Required,"English 101 and 102 (or equivalent) course sequence.  If applicant does not complete a graded 101 and 102 sequence (or equivalent), this prerequisite must be fulfilled with writing-intensive course from the ENGLISH discipline.  Writing intensive courses from other disciplines are generally not considered.",6,-1,-1,-1.0,-1.0,-1.0
TN,Meharry Medical College,Physics,PHYS,Required,General Physics 1 and 2 course sequence.  Calculus-based Physics is recommended to best ensure content aligns with expectations for preparation.,8,1,-1,-1.0,-1.0,-1.0
TN,"Thomas F. Frist, Jr. College of Medicine at Belmont University",Biochemistry,CHEM,Required,,3,-1,1,1.0,1.0,1.0
TN,"Thomas F. Frist, Jr. College of Medicine at Belmont University",Biology,BIOL,Required,,8,1,1,1.0,1.0,1.0
TN,"Thomas F. Frist, Jr. College of Medicine at Belmont University",Cell Biology,BIOL,Recommended,,,1,1,1.0,1.0,1.0
TN,"Thomas F. Frist, Jr. College of Medicine at Belmont University",Chemistry,CHEM,Required,Should include 8 hours of General Chemistry and 8 hours of Organic Chemistry,16,1,1,1.0,1.0,1.0
TN,"Thomas F. Frist, Jr. College of Medicine at Belmont University",Composition & Rhetoric,ENGL,Required,Any type of English or Writing Intense course will suffice.,6,-1,1,1.0,1.0,1.0
TN,"Thomas F. Frist, Jr. College of Medicine at Belmont University",Genetics,BIOL,Recommended,,,1,1,1.0,1.0,1.0
TN,"Thomas F. Frist, Jr. College of Medicine at Belmont University",Mathematics,MATH,Required,,3,-1,1,1.0,1.0,1.0
TN,"Thomas F. Frist, Jr. College of Medicine at Belmont University",Microbiology,BIOL,Recommended,,,1,1,1.0,1.0,1.0
TN,"Thomas F. Frist, Jr. College of Medicine at Belmont University",Molecular Biology,BIOL,Recommended,,,1,1,1.0,1.0,1.0
TN,"Thomas F. Frist, Jr. College of Medicine at Belmont University",Physics,PHYS,Required,,8,1,1,1.0,1.0,1.0
TN,University of Tennessee Health Science Center College of Medicine,Biology,BIOL,Required,"Eight semester hours in modern concepts of mammalian biology, including laboratory are required. Courses in botany do not meet this requirement. Applicants, particularly non-science majors, are strongly encouraged to pursue upper level coursework in the biological sciences beyond the minimum requirement. Such courses might include biochemistry, cell biology, comparative anatomy, embryology, general genetics, histology, immunology, mammalian physiology, microbiology or related courses.",8,1,0,1.0,-1.0,1.0
TN,University of Tennessee Health Science Center College of Medicine,Chemistry,CHEM,Required,"A minimum of sixteen semester hours of chemistry is required. Eight semester hours must be in organic chemistry and another eight semester hours must be in inorganic chemistry, which may include analytical chemistry. Each of these courses must be a complete, standard, college-level course utilizing full laboratory facilities.",16,1,0,1.0,-1.0,1.0
TN,University of Tennessee Health Science Center College of Medicine,Literature,ENGL,Required,"Facility in the use of both oral and written English is considered highly essential to the successful study of medicine. Introductory freshman English (six semester hours) will meet the admission requirement. Students who qualify for advanced placement credit in English will not be required to take additional English courses, although such students are encouraged to do so.",6,-1,0,1.0,-1.0,1.0
TN,University of Tennessee Health Science Center College of Medicine,Physics,PHYS,Required,"Acceptable courses in physics must include laboratory credits and must adequately cover mechanics, heat, light, sound, electricity, and magnetism. Survey types of courses will not satisfy this requirement.",8,1,0,1.0,0.0,1.0
TN,Vanderbilt University School of Medicine,Biology,BIOL,Recommended,"We do not require or recommend a class in ""biology"" only.  If there is another course that you have taken that fits our recommended content, we are comfortable with that:  https://medschool.vanderbilt.edu/md-admissions/admission-requirements/",,1,-1,1.0,1.0,1.0
TN,Vanderbilt University School of Medicine,Chemistry,CHEM,Recommended,"We do not require or recommend a class in ""chemistry"" only.  If there is another course that you have taken that fits our recommended content, we are comfortable with that:  https://medschool.vanderbilt.edu/md-admissions/admission-requirements/",,1,-1,1.0,1.0,1.0
TN,Vanderbilt University School of Medicine,Physics,PHYS,Recommended,"We do not require or recommend a class in ""physics"" only.  If there is another course that you have taken that fits our recommended content, we are comfortable with that:  https://medschool.vanderbilt.edu/md-admissions/admission-requirements/",,1,-1,1.0,1.0,1.0
TN,Vanderbilt University School of Medicine,Psychology,BESS,Recommended,"We do not require or recommend a class in ""psychology"" or ""sociology"" only.  If there is another course that you have taken that fits our recommended content, we are comfortable with that:  https://medschool.vanderbilt.edu/md-admissions/admission-requirements/",,-1,-1,1.0,1.0,1.0
TN,Vanderbilt University School of Medicine,Statistics,MATH,Recommended,"We do not require or recommend a class in ""statistics"" only.  If there is another course that you have taken that fits our recommended content, we are comfortable with that:  https://medschool.vanderbilt.edu/md-admissions/admission-requirements/",,-1,-1,1.0,1.0,1.0
TX,Anne Burnett Marion School of Medicine at TCU,Anthropology,BESS,Required,"The student should know the broad issues of basic societal, psychological and social principles that ultimately contribute to patient care. These topics are typically fulfilled from general education course requirements in undergraduate studies.  These topics are typically fulfilled from coursework in, but not limited to Psychology, Cultural Anthropology, Sociology, Economics, Healthcare Administration, Public Policy, Public Health, Family Studies, History, Political Science, Social Work and Behavioral Health.",6,-1,1,1.0,1.0,1.0
TX,Anne Burnett Marion School of Medicine at TCU,Biochemistry,CHEM,Required,"The student should know the structure and function of amino acids, proteins and enzymes; enzyme kinetics; structure and function of nucleotides and nucleic acids; principles of bioenergetics and metabolism, including anabolic and catabolic processes for the metabolism of glucose, lipids and amino acids; principles of biosignaling and oxidative phosphorylation.",3,-1,1,1.0,1.0,1.0
TX,Anne Burnett Marion School of Medicine at TCU,Composition & Rhetoric,ENGL,Required,"The student should know the importance of effective writing skills, use of rhetorical strategies in development of ideas, mastery of basic scholarly conventions, and application of critical thinking skills, writing analysis and argument. This topic is typically fulfilled from general education course requirements in undergraduate studies.",3,-1,1,1.0,1.0,1.0
TX,Anne Burnett Marion School of Medicine at TCU,Statistics,MATH,Required,"The student should know the importance of data, theory and methods to address real-world problems, understands fundamental concepts of methods of statistics, including descriptive and inferential statistics in research, basic and intermediate concepts for testing, statistical hypotheses, construction of interpretation of confidence intervals, applying selected parametric and nonparametric techniques, and related multivariate analyses.",3,-1,1,1.0,1.0,1.0
TX,Baylor College of Medicine,Biochemistry,CHEM,Required,Biochemistry (3-4 semester hours) - lab is NOT required,3,-1,0,-1.0,1.0,1.0
TX,Baylor College of Medicine,Biology,BIOL,Required,"Advanced Biology (3-4 semester hours) - lab is NOT required. HIGHLY RECOMMENDED: genetics, cell/molecular biology",3,-1,0,-1.0,1.0,1.0
TX,Baylor College of Medicine,Chemistry,CHEM,Required,Organic Chemistry - (2 semesters; 6-8 semester hours) - lab is NOT required,6,-1,0,-1.0,1.0,1.0
TX,Baylor College of Medicine,Creative Writing,ENGL,Required,"The expository writing requirement may be accomplished through coursework in a number of disciplines that require intensive writing. Examples include formal courses in English, Philosophy, History, Public Policy, Political Science or Religion. This requirement also may be accomplished through an Honors Thesis, writing-intensive upper division science course or completion of a major research paper.",3,-1,0,-1.0,1.0,1.0
TX,Baylor College of Medicine,Mathematics,MATH,Required,"Biostatistics (preferred), but any course with quantitative math. Examples: statistics, physics, calculus",3,-1,0,-1.0,1.0,1.0
TX,Baylor College of Medicine,Psychology,BESS,Required,"Humanities-Social/Behavioral Sciences (12 semester hours) Examples: psychology, sociology, anthropology, foreign languages, ethics, philosophy, theology, literature, art history",12,-1,0,-1.0,1.0,1.0
TX,Baylor College of Medicine,Sociology,BESS,Required,"Humanities-Social/Behavioral Sciences (12 semester hours) Examples: psychology, sociology, anthropology, foreign languages, ethics, philosophy, theology, literature, art history",12,-1,0,-1.0,1.0,1.0
TX,McGovern Medical School at the University of Texas Health Science Center at Houston,Biology,BIOL,Required,12 semester hours of lecture & 2 semester hours of formal lab.Includes all biology courses applied toward baccalaureate degree in a traditional science field. Courses for nonscience majors or courses taught for health career majors are not accepted.,14,1,-1,0.0,1.0,1.0
TX,McGovern Medical School at the University of Texas Health Science Center at Houston,Chemistry,CHEM,Required,6 semester hours of General Chemistry lecture & 2 hours of lab.6 semester hours of Organic Chemistry lecture & 2 hours of lab.Courses must be applicable toward a baccalaureate degree in a traditional science field regardless of student’s major. Courses for nonscience majors or health career majors are not accepted.,16,1,-1,0.0,1.0,1.0
TX,McGovern Medical School at the University of Texas Health Science Center at Houston,Composition & Rhetoric,ENGL,Required,6 Semester hours of English. Any course approved by an English Department that fulfills general education English requirement of a baccalaureate degree. Remedial or developmental courses or “English as a Second Language” courses are not accepted.,6,-1,-1,0.0,1.0,1.0
TX,McGovern Medical School at the University of Texas Health Science Center at Houston,Physics,PHYS,Required,6 semester hours of lecture & 2 hours of labIncludes all physics courses applied toward baccalaureate degree in any traditional science field.Courses for nonscience majors or health career majors are not accepted.,8,1,-1,0.0,1.0,1.0
TX,Texas A&M University School of Medicine,Biochemistry,CHEM,Required,"Biochemistry I. Rigorous treatment of the structure, function and chemistry of proteins and carbohydrates; kinetics, mechanisms and regulation of enzymes; metabolism of carbohydrates",3,-1,-1,-1.0,-1.0,-1.0
TX,Texas A&M University School of Medicine,Biology,BIOL,Required,"Introductory Biology I. First half of an introductory two-semester survey of contemporary biology that covers the chemical basis of life, structure and biology of the cell, molecular biology and genetics; includes laboratory that reinforces and provides supplemental information related to the lecture topics. Introductory Biology II. The second half of an introductory two-semester survey of contemporary biology that covers evolution, history of life, diversity and form and function of organisms; includes laboratory that reinforces and provides supplemental information related to the lecture topics.",8,1,-1,1.0,-1.0,1.0
TX,Texas A&M University School of Medicine,Chemistry,CHEM,Required,Fundamentals of Chemistry I. Introduction to modern theories of atomic structure and chemical bonding; chemical reactions; stoichiometry; states of matter; solutions; equilibrium; acids and bases; coordination chemistry ; methods and techniques of chemical experimentation; qualitative and semiquantitative procedures applied to investigative situations.  Fundamentals of Chemistry II. Theory and applications of oxidation-reductions systems; thermodynamics and kinetics; complex equilibria and solubility product; nuclear chemistry; descriptive inorganic and organic chemistry; introduction to analytical and synthetic methods and to quantitative techniques to both inorganic and organic compounds with emphasis on an investigative approach.,8,1,-1,1.0,-1.0,1.0
TX,Texas A&M University School of Medicine,Composition & Rhetoric,ENGL,Required,"Part I - Introduction to Rhetoric and Composition. Intensive study of and practice in writing processes, from invention and researching to drafting, revising and editing, both individually and corroboratively; emphasis on effective rhetorical choices including audience, purpose, arrangement and style; focus on writing the academic essay as a vehicle for learning, communicating and critical analysis. Part II - Composition and Rhetoric. Focus on referential and persuasive researched essays through the development of analytical reading ability, critical thinking and library research skills.",6,-1,-1,1.0,-1.0,1.0
TX,Texas A&M University School of Medicine,Physics,PHYS,Required,"College Physics I. Fundamentals of classical mechanics, heat, and sound. College Physics. College PHYS II. Fundamentals of classical electricity and light; introduction to contemporary physics.",8,1,-1,1.0,-1.0,1.0
TX,Texas A&M University School of Medicine,Statistics,MATH,Required,"Principles of Statistics I - Introduction to probability and probability distributions; sampling and descriptive measures; inference and hypothesis testing; linear regression, analysis of variance.",3,-1,-1,1.0,-1.0,1.0
TX,Texas Tech University Health Sciences Center Paul L. Foster School of Medicine,Anthropology,BESS,Recommended,"Anthropology, Psychology",12,-1,-1,1.0,1.0,1.0
TX,Texas Tech University Health Sciences Center Paul L. Foster School of Medicine,Biochemistry,CHEM,Required,AP credit is only accepted if the school granting the credit lists the specific courses and number of units granted per course on an official transcript.,3,-1,-1,1.0,1.0,-1.0
TX,Texas Tech University Health Sciences Center Paul L. Foster School of Medicine,Biology,BIOL,Required,Courses taught in the departments of an undergraduate institutions typically regarded as biological in nature. The 14 hrs. include 2 hrs. of lab. AP credit is only accepted if the school granting the credit lists the specific courses and number of units granted per course on an official transcript.,14,1,-1,1.0,1.0,1.0
TX,Texas Tech University Health Sciences Center Paul L. Foster School of Medicine,Chemistry,CHEM,Required,"Courses taught in the chemistry, organic chemistry, and/or biochemistry departments of an undergraduate institution. The 8 hrs. include 2 hrs. of lab. AP credit is only accepted if the school granting the credit lists the specific courses and number of units granted per course on an official transcript.",8,-1,-1,1.0,1.0,1.0
TX,Texas Tech University Health Sciences Center Paul L. Foster School of Medicine,Genetics,BIOL,Recommended,,,-1,-1,1.0,1.0,1.0
TX,Texas Tech University Health Sciences Center Paul L. Foster School of Medicine,Literature,ENGL,Required,EAny course that fulfills a general education English requirement of a baccalaureate degree will be accepted. Reading or writing intensive courses taught in the Humanities may also be considered.nglishRhetoric (Does not include speech)LiteratureCompositionAP credit is only accepted if the school granting the credit lists the specific courses and number of units granted per course on an official transcript.,6,-1,-1,1.0,1.0,1.0
TX,Texas Tech University Health Sciences Center Paul L. Foster School of Medicine,Literature,ENGL,Required,Any course that fulfills a general education English requirement of a baccalaureate degree will be accepted. Reading or writing intensive courses taught in the Humanities may also be considered. AP credit is only accepted if the school granting the credit lists the specific courses and number of units granted per course on an official transcript.,,-1,-1,1.0,1.0,1.0
TX,Texas Tech University Health Sciences Center Paul L. Foster School of Medicine,Molecular Biology,BIOL,Recommended,As well as Cellular Biology,,1,-1,1.0,1.0,1.0
TX,Texas Tech University Health Sciences Center Paul L. Foster School of Medicine,Physics,PHYS,Required,Courses taught in the physics departments of an undergraduate institution.  The 8 hrs. include 2 hrs. of lab. AP credit is only accepted if the school granting the credit lists the specific courses and number of units granted per course on an official transcript.,8,-1,-1,1.0,1.0,1.0
TX,Texas Tech University Health Sciences Center Paul L. Foster School of Medicine,Statistics,MATH,Required,Courses taught in the mathematics and/or statistics departments of an undergraduate institution. AP credit is only accepted if the school granting the credit lists the specific courses and number of units granted per course on an official transcript.,3,1,-1,,,
TX,Texas Tech University Health Sciences Center School of Medicine,Biochemistry,CHEM,Required,Biochemistry (3000 or 4000 level) is REQUIRED by TTUHSC School of Medicine and may be used toward fulfilling 3 hours of the Biological Sciences or 3 hours of the General Chemistry requirement.,3,-1,-1,1.0,1.0,1.0
TX,Texas Tech University Health Sciences Center School of Medicine,Biology,BIOL,Required,General Biology (I and II) or Zoology (6 hours)Upper Division Biology (6 hours),12,1,-1,1.0,1.0,1.0
TX,Texas Tech University Health Sciences Center School of Medicine,Chemistry,CHEM,Required,General Chemistry (I and II)Organic Chemistry (I and II),12,1,-1,1.0,1.0,1.0
TX,Texas Tech University Health Sciences Center School of Medicine,Composition & Rhetoric,ENGL,Required,English literature and writing intensive courses are also acceptable but may need to be approved on a case by case basis.,6,-1,-1,1.0,1.0,1.0
TX,Texas Tech University Health Sciences Center School of Medicine,Physics,PHYS,Required,Physics (I and II),6,1,-1,1.0,1.0,1.0
TX,Texas Tech University Health Sciences Center School of Medicine,Statistics,MATH,Required,Course topics must include regression and analysis of variance.,3,-1,-1,1.0,1.0,1.0
TX,The University of Texas at Tyler School of Medicine,Biochemistry,CHEM,Required,3 semester hours,,1,0,1.0,1.0,1.0
TX,The University of Texas at Tyler School of Medicine,Biology,BIOL,Required,"11 semester hours, two of which must be labs",,1,0,1.0,1.0,1.0
TX,The University of Texas at Tyler School of Medicine,Chemistry,CHEM,Required,"12 semester hours, including one of the following combinations:- 2 semesters of organic chemistry and 1 semester of general inorganic chemistry (for a total of 9 semester hours with 3 labs);- 2 semesters of inorganic general chemistry and 1 semester of organic chemistry (for a total of 9 semester hours with 3 labs)",,1,0,1.0,1.0,1.0
TX,The University of Texas at Tyler School of Medicine,Composition & Rhetoric,ENGL,Required,3 semester hours of composition-based coursework,,-1,0,1.0,1.0,1.0
TX,The University of Texas at Tyler School of Medicine,Physics,PHYS,Required,"8 semester hours, two of which must be labs",,1,0,1.0,1.0,1.0
TX,The University of Texas at Tyler School of Medicine,Statistics,MATH,Required,3 semester hours of statistics,,-1,0,1.0,1.0,1.0
TX,The University of Texas Health Science Center at San Antonio Joe R. and Teresa Lozano Long School of Medicine,Biochemistry,CHEM,Required,,3,-1,-1,1.0,1.0,1.0
TX,The University of Texas Health Science Center at San Antonio Joe R. and Teresa Lozano Long School of Medicine,Biology,BIOL,Required,"14 hours total, with 2 lab hours; online, virtual, or other modalities will be considered",14,1,-1,1.0,1.0,1.0
TX,The University of Texas Health Science Center at San Antonio Joe R. and Teresa Lozano Long School of Medicine,Chemistry,CHEM,Required,"Inorganic or general, 8 hours with 2 lab hours",8,1,-1,1.0,1.0,1.0
TX,The University of Texas Health Science Center at San Antonio Joe R. and Teresa Lozano Long School of Medicine,Composition & Rhetoric,ENGL,Required,Other topics are accepted; 6 hours required,6,-1,-1,1.0,1.0,1.0
TX,The University of Texas Health Science Center at San Antonio Joe R. and Teresa Lozano Long School of Medicine,Genetics,BIOL,Recommended,,,-1,1,1.0,1.0,1.0
TX,The University of Texas Health Science Center at San Antonio Joe R. and Teresa Lozano Long School of Medicine,Mathematics,MATH,Recommended,,,-1,1,1.0,1.0,1.0
TX,The University of Texas Health Science Center at San Antonio Joe R. and Teresa Lozano Long School of Medicine,Physics,PHYS,Required,"Includes 2 lab hours; online, virtual, or other modalities will be considered",8,1,-1,1.0,1.0,1.0
TX,The University of Texas Health Science Center at San Antonio Joe R. and Teresa Lozano Long School of Medicine,Psychology,BESS,Recommended,,,-1,1,1.0,1.0,1.0
TX,The University of Texas Health Science Center at San Antonio Joe R. and Teresa Lozano Long School of Medicine,Statistics,MATH,Required,,3,-1,-1,1.0,1.0,1.0
TX,The University of Texas Health Science Center at San Antonio Joe R. and Teresa Lozano Long School of Medicine,Zoology,BIOL,Recommended,,,-1,1,1.0,1.0,1.0
TX,University of Houston Tilman J. Fertitta Family College of Medicine,Biology,BIOL,Required,"General Biology Course (100 or 200 level, or equivalent)Advanced Biology (300+ level or equivalent; Biochemistry from Biology department is acceptable)",11,1,-1,-1.0,1.0,1.0
TX,University of Houston Tilman J. Fertitta Family College of Medicine,Chemistry,CHEM,Required,General Chemistry (100 or 200 level or equivalent)Organic Chemistry,16,1,-1,-1.0,1.0,1.0
TX,University of Houston Tilman J. Fertitta Family College of Medicine,Composition & Rhetoric,ENGL,Required,English Composition,3,-1,-1,-1.0,1.0,1.0
TX,University of Houston Tilman J. Fertitta Family College of Medicine,Physics,PHYS,Required,General Physics (100 or 200 level or equivalent),8,1,-1,-1.0,1.0,1.0
TX,University of Houston Tilman J. Fertitta Family College of Medicine,Statistics,MATH,Required,"Statistics, taught in math/statistics/psychology departments",3,-1,-1,-1.0,1.0,1.0
TX,University of Texas at Austin Dell Medical School,Biochemistry,CHEM,Required,,3,-1,0,1.0,1.0,1.0
TX,University of Texas at Austin Dell Medical School,Biology,BIOL,Required,"11 semester hours, 2 of which must be labs (A genetics course is strongly recommended.)",11,1,0,1.0,1.0,1.0
TX,University of Texas at Austin Dell Medical School,Physics,PHYS,Required,,8,1,0,1.0,1.0,1.0
TX,University of Texas at Austin Dell Medical School,Statistics,MATH,Required,,3,-1,0,1.0,1.0,1.0
TX,University of Texas Medical Branch John Sealy School of Medicine,Anatomy,BIOL,Recommended,,4,1,0,0.0,1.0,1.0
TX,University of Texas Medical Branch John Sealy School of Medicine,Biochemistry,CHEM,Required,3 semester hours or 5 quarter hours of biochemistry are required. Any credit or quarter hour deficiency less than or equal to 1 can be waived automatically per applicant request. Excess hours in Biochemistry can be used to fulfill biology or chemistry requirements.,3,-1,0,0.0,1.0,1.0
TX,University of Texas Medical Branch John Sealy School of Medicine,Biology,BIOL,Required,14 semester hours (12 semester hours of lecture and 2 semester hours of formal lab) or 21 quarter hours (18 quarter lecture hours and 3 quarter lab hours) as required for college science majors. (One semester of Biochemistry can be substituted for one semester of Biology). Any credit or quarter hour deficiency less than or equal to 2 can be waived automatically per applicant request.,14,1,0,0.0,1.0,1.0
TX,University of Texas Medical Branch John Sealy School of Medicine,Cell Biology,BIOL,Recommended,,3,-1,0,0.0,1.0,1.0
TX,University of Texas Medical Branch John Sealy School of Medicine,Chemistry,CHEM,Required,General Chemistry - 8 semester hours (6 semester hours of lecture and 2 semester hours of formal lab) or 12 quarter hours (9 quarter hours of lecture and 3 quarter hours of formal lab) as required for college science majors. Any credit or quarter hour deficiency less than or equal to 1 can be waived automatically per applicant request.Organic Chemistry - 8 semester hours (6 semester hours of lecture and 2 semester hours of formal lab) or 12 quarter hours (9 quarter hours of lecture and 3 quarter hours of formal lab) as required for college science majors. Any credit or quarter hour deficiency less than or equal to 1 can be waived automatically per applicant request.,16,1,0,0.0,1.0,1.0
TX,University of Texas Medical Branch John Sealy School of Medicine,Composition & Rhetoric,ENGL,Required,6 semester hours or 9 quarter hours. Writing intensive courses taught in departments other than the English department are considered case by case. Any credit or quarter hour deficiency less than or equal to 2 can be waived automatically per applicant request.,6,-1,0,0.0,1.0,1.0
TX,University of Texas Medical Branch John Sealy School of Medicine,Genetics,BIOL,Recommended,,3,-1,0,0.0,1.0,1.0
TX,University of Texas Medical Branch John Sealy School of Medicine,Immunology,BIOL,Recommended,,3,-1,0,0.0,1.0,1.0
TX,University of Texas Medical Branch John Sealy School of Medicine,Mathematics,MATH,Required,3 semester hours or 5 quarter hours of college Calculus or Statistics.  Statistics must be taught in the Math department. Any credit or quarter hour deficiency less than or equal to 1 can be waived automatically per applicant request.,3,-1,0,0.0,1.0,1.0
TX,University of Texas Medical Branch John Sealy School of Medicine,Microbiology,BIOL,Recommended,,4,-1,0,0.0,1.0,1.0
TX,University of Texas Medical Branch John Sealy School of Medicine,Physics,PHYS,Required,8 semester hours (6 semester hours of lecture and 2 semester hours of formal lab) or 12 quarter hours (9 quarter hours of lecture and 3 quarter hours of formal lab) as required for college science majors. Any credit or quarter hour deficiency less than or equal to 1 can be waived automatically per applicant request.,8,1,0,0.0,1.0,1.0
TX,University of Texas Medical Branch John Sealy School of Medicine,Physiology,BIOL,Recommended,,4,1,0,0.0,1.0,1.0
TX,University of Texas Rio Grande Valley School of Medicine,Anatomy,BIOL,Recommended,"Aside from required coursework, UTRGV SOM strongly recommends that applicants complete courses in Anatomy & Physiology.",3,1,-1,0.0,0.0,1.0
TX,University of Texas Rio Grande Valley School of Medicine,Anthropology,BESS,Recommended,"In addition, to help students develop a broad-based foundation to support success in medical school, UTRGV SOM also recommends that students take courses covering topics from the following areas: Anthropology, Economics, Family Studies, Psychology, Sociology.",3,-1,-1,0.0,0.0,1.0
TX,University of Texas Rio Grande Valley School of Medicine,Biochemistry,CHEM,Required,"Three semester hours (or 5 quarter hours) of Biochemistry is required. This requirement may be used towards fulfilling the overall Biological Sciences or Chemistry requirement. The course may be taught in the Biology, Biochemistry or Chemistry department and cannot be an introductory course.",3,1,-1,0.0,0.0,1.0
TX,University of Texas Rio Grande Valley School of Medicine,Biology,BIOL,Required,"A minimum of 14 semester hours (including 12 semester hours of lecture and 2 semester hours of lab), or 21 quarter hours (including 18 quarter hours of lecture and 3 quarter hours of lab) as required for science majors.",14,1,-1,0.0,0.0,1.0
TX,University of Texas Rio Grande Valley School of Medicine,Chemistry,CHEM,Required,"Eight semester hours of general (inorganic) chemistry (including 6 semester hours of lecture and 2 semester hours of lab), or 12 quarter hours (including 9 quarter hours of lecture and 3 quarter hours of lab) as required for science majors. Courses should include familiarity with analytic and volumetric techniques, and may include courses such as General Chemistry, Physical Chemistry and Quantitative Analysis.",8,1,-1,0.0,0.0,1.0
TX,University of Texas Rio Grande Valley School of Medicine,Composition & Rhetoric,ENGL,Required,A minimum of 6 semester hours (or 9 quarter hours) of college English.,6,-1,-1,0.0,0.0,1.0
TX,University of Texas Rio Grande Valley School of Medicine,Microbiology,BIOL,Recommended,"Aside from required coursework, UTRGV SOM strongly recommends that applicants complete courses in Microbiology.",3,1,-1,0.0,0.0,1.0
TX,University of Texas Rio Grande Valley School of Medicine,Organic Chemistry,CHEM,Required,"ORGANIC CHEMISTRY: Eight semester hours of organic chemistry (including 6 semester hours of lecture and 2 semester hours of lab), or 12 quarter hours (including 9 quarter hours of lecture and 3 quarter hours of lab) as required for science majors.",8,1,-1,0.0,0.0,1.0
TX,University of Texas Rio Grande Valley School of Medicine,Physics,PHYS,Required,"A minimum of 8 semester hours (including 6 semester hours of lecture and 2 semester hours of lab), or 12 quarter hours (including 9 quarter hours of lecture and 3 quarter hours of lab).",8,1,-1,0.0,0.0,1.0
TX,University of Texas Rio Grande Valley School of Medicine,Statistics,MATH,Required,"A minimum of 3 semester hours (or 5 quarter hours). Required content includes basic descriptive statistics, methods of data analysis and concepts of probability ideally directed toward applications in science. The Statistics course should be taught in a Math or Statistics Department. Calculus does not meet this requirement.",3,-1,-1,0.0,0.0,1.0
TX,University of Texas Southwestern Medical School,Biochemistry,CHEM,Required,"Biochemistry may be taught in the Biology, Biochemistry, or Chemistry Department. Biochemistry cannot be an introductory course.",3,-1,1,1.0,1.0,1.0
TX,University of Texas Southwestern Medical School,Biochemistry,CHEM,Required,,3,-1,1,1.0,0.0,1.0
TX,University of Texas Southwestern Medical School,Biology,BIOL,Required,"Minimum 14 semester hours including formal laboratory experience may be one of the following:12 lecture hours2 lab hoursCourses must be applicable toward a baccalaureate degree in a traditional science field regardless of student’s majorIf 2 semesters of biochemistry are completed, 1 semester of biochemistry will be accepted toward fulfilling this requirement.",14,1,1,1.0,1.0,1.0
TX,University of Texas Southwestern Medical School,Chemistry,CHEM,Required,Minimum 12 semester hours must include:4 semester hours general (inorganic) chemistry for science majors including corresponding laboratory experience8 semester hours organic chemistry for science majors including corresponding laboratory experience,12,1,1,1.0,1.0,1.0
TX,University of Texas Southwestern Medical School,Chemistry,CHEM,Required,We require 3 lecture hours and 1 lab hour of general chemistry,4,1,1,1.0,0.0,1.0
TX,University of Texas Southwestern Medical School,Composition & Rhetoric,ENGL,Required,Any course approved by an English Department that fulfills general education English requirement of a baccalaureate degree. Remedial or developmental courses or “English as a Second Language” courses are not accepted. Humanities or Social Science courses with significant expository writing may satisfy this requirement.,6,-1,1,1.0,1.0,1.0
TX,University of Texas Southwestern Medical School,Mathematics,MATH,Required,Minimum 3 semester credit hours of college calculus or statistics (preferably biostatistics),3,-1,1,1.0,1.0,1.0
TX,University of Texas Southwestern Medical School,Physics,PHYS,Required,"Minimum 8 semester credit hours, including lab",8,1,1,1.0,1.0,1.0
UT,Spencer Fox Eccles School of Medicine at the University of Utah,Biology,BIOL,Required,"Two (2) courses with all course-required labs. One (1) course must be in cellular biology or biochemistry. Course-required labs are defined as lab courses that are required to complete a given course as offered by the institution. If a course does not have a required lab component, students are not required to take an additional lab to meet SFESOM requirements. If students are unsure if a course in question has a required lab, it is recommended to contact an academic advisor within their institution.",,1,1,-1.0,1.0,1.0
UT,Spencer Fox Eccles School of Medicine at the University of Utah,Chemistry,CHEM,Required,"Two (2) courses completing a general chemistry series with all course required labs. Course-required labs are defined as lab courses that are required to complete a given course as offered by the institution. If a course does not have a required lab component, students are not required to take an additional lab to meet SFESOM requirements. If students are unsure if a course in question has a required lab, it is recommended to contact an academic advisor within their institution.",,1,1,0.0,1.0,1.0
UT,Spencer Fox Eccles School of Medicine at the University of Utah,Organic Chemistry,CHEM,Required,"Two (2) courses completing an organic chemistry series with all course-required labs. Course-required labs are defined as lab courses that are required to complete a given course as offered by the institution. If a course does not have a required lab component, students are not required to take an additional lab to meet SFESOM requirements. If students are unsure if a course in question has a required lab, it is recommended to contact an academic advisor within their institution.",,1,1,0.0,1.0,1.0
UT,Spencer Fox Eccles School of Medicine at the University of Utah,Physics,PHYS,Required,"Two (2) courses with all course required labs. Course-required labs are defined as lab courses that are required to complete a given course as offered by the institution. If a course does not have a required lab component, students are not required to take an additional lab to meet SFESOM requirements. If students are unsure if a course in question has a required lab, it is recommended to contact an academic advisor within their institution.",,1,1,-1.0,1.0,1.0
VA,Eastern Virginia Medical School,Anatomy,BIOL,Recommended,,3,1,1,1.0,1.0,1.0
VA,Eastern Virginia Medical School,Biochemistry,CHEM,Recommended,,3,1,1,1.0,1.0,1.0
VA,Eastern Virginia Medical School,Biology,BIOL,Required,General biology 1 and 2.,8,1,1,1.0,1.0,1.0
VA,Eastern Virginia Medical School,Chemistry,CHEM,Required,General Chemistry 1 and 2 / Organic Chemistry 1 and 2,16,1,1,1.0,1.0,1.0
VA,Eastern Virginia Medical School,Genetics,BIOL,Recommended,,3,-1,1,1.0,1.0,1.0
VA,Eastern Virginia Medical School,Histology,BIOL,Recommended,,3,1,1,1.0,1.0,1.0
VA,Eastern Virginia Medical School,Physics,PHYS,Required,General Physics 1 and 2,8,1,1,1.0,1.0,1.0
VA,Eastern Virginia Medical School,Physiology,BIOL,Recommended,,3,1,1,1.0,1.0,1.0
VA,Eastern Virginia Medical School,Psychology,BESS,Recommended,,3,-1,1,1.0,1.0,1.0
VA,Eastern Virginia Medical School,Sociology,BESS,Recommended,,3,-1,1,1.0,1.0,1.0
VA,University of Virginia School of Medicine,Biochemistry,CHEM,Recommended,"Not required, but helpful for medical school. Not considered during the application process.",,-1,1,1.0,1.0,1.0
VA,University of Virginia School of Medicine,Cell Biology,BIOL,Recommended,"Not required, but helpful for medical school. Not considered during the application process.",,-1,1,1.0,1.0,1.0
VA,University of Virginia School of Medicine,Statistics,MATH,Recommended,"Not required, but helpful for medical school. Not considered during the application process.",,-1,1,1.0,1.0,1.0
VA,Virginia Commonwealth University School of Medicine,Biochemistry,CHEM,Required,,3,-1,-1,-1.0,-1.0,1.0
VA,Virginia Commonwealth University School of Medicine,Biology,BIOL,Required,"May be satisfied by general biology, general zoology or botany)",8,1,-1,1.0,-1.0,1.0
VA,Virginia Commonwealth University School of Medicine,Chemistry,CHEM,Required,,8,1,-1,1.0,-1.0,1.0
VA,Virginia Commonwealth University School of Medicine,Composition & Rhetoric,ENGL,Required,"Writing intensive English composition & rhetoric courses, only (no substitutions).",6,-1,-1,1.0,1.0,1.0
VA,Virginia Commonwealth University School of Medicine,Mathematics,MATH,Required,College-level math or statistics,6,-1,-1,1.0,1.0,1.0
VA,Virginia Commonwealth University School of Medicine,Organic Chemistry,CHEM,Required,"Organic 1 is required.  Organic 2 is optional, if needed to complete major requirements for graduation.",8,1,-1,-1.0,-1.0,1.0
VA,Virginia Commonwealth University School of Medicine,Physics,PHYS,Required,,8,1,-1,1.0,1.0,1.0
VA,Virginia Commonwealth University School of Medicine,Psychology,BESS,Recommended,Highly recommended,3,-1,1,1.0,1.0,1.0
VA,Virginia Commonwealth University School of Medicine,Sociology,BESS,Recommended,Highly recommended,3,-1,1,1.0,1.0,1.0
VA,Virginia Tech Carilion School of Medicine,Biochemistry,CHEM,Required,Either 2 semesters of Organic Chemistry or 1 semester of Organic and 1 semester of Biochemistry,8,1,0,0.0,-1.0,0.0
VA,Virginia Tech Carilion School of Medicine,Biology,BIOL,Required,2 semesters of Biology,8,1,0,1.0,-1.0,0.0
VA,Virginia Tech Carilion School of Medicine,Chemistry,CHEM,Required,2 semesters of Inorganic Chemistry,8,1,0,0.0,-1.0,0.0
VA,Virginia Tech Carilion School of Medicine,Literature,ENGL,Required,English/Writing: 2 semesters or 1 semester each of English and Philosophy,6,-1,1,1.0,1.0,0.0
VA,Virginia Tech Carilion School of Medicine,Mathematics,MATH,Required,Either 2 semesters of Calculus or 1 semester of Calculus and 1 semester of Statistics.,6,-1,0,1.0,1.0,0.0
VA,Virginia Tech Carilion School of Medicine,Physics,PHYS,Required,2 semesters of Physics,8,1,0,1.0,-1.0,0.0
VT,"Robert Larner, M.D., College of Medicine at the University of Vermont",Biochemistry,CHEM,Recommended,A course that is acceptable for a science major at the applicant's college or university. This course must have at least one semester of organic chemistry as a prerequisite. This course can replace the second semester of organic chemistry.,3,-1,1,-1.0,1.0,-1.0
VT,"Robert Larner, M.D., College of Medicine at the University of Vermont",Biology,BIOL,Required,Any general biology course approved for science majors at the applicant's university or college. We will accept AP courses and will require additional biology courses at a higher level. Also acceptable are: Cellular BiologyGeneral BiologyGeneticsHistologyMicrobiologyUpper-level ZoologyNeuroscience,8,1,1,1.0,1.0,1.0
VT,"Robert Larner, M.D., College of Medicine at the University of Vermont",Chemistry,CHEM,Required,"Any general chemistry I & II sequence approved towards a science major at the applicant's college or university. AP credits will be accepted, and additional coursework at the higher level is required. Organic Chemistry I & II. We understand that programs offer variations on the chemistry and organic sequence, and we will take any sequence that has met the university's requirements for science majors.",16,1,1,1.0,1.0,1.0
VT,"Robert Larner, M.D., College of Medicine at the University of Vermont",Physics,PHYS,Required,Any general physics or physics with calculus accepted towards a science or engineering degree at the applicant's college or university. AP credits are acceptable and additional credits at the higher level will be required.,8,1,1,1.0,1.0,1.0
VT,"Robert Larner, M.D., College of Medicine at the University of Vermont",Thermodynamics,CHEM,Required,General organic chemistry that is required for chemistry or biology majors.,8,1,1,-1.0,1.0,1.0
WA,University of Washington School of Medicine,Anatomy,BIOL,Recommended,,,-1,1,1.0,1.0,1.0
WA,University of Washington School of Medicine,Biochemistry,CHEM,Required,"2 years* (lab recommended) COMBINED with Chemistry (e.g. 1 year chemistry + 1 year biochemistry, etc.)The subject matter in these courses must include college-level inorganic and organic chemistry and biochemistry. Typically, students will complete 1 year of general (inorganic) chemistry and a year of organic and biochemistry combined, at minimum, to meet this requirement. Many applicants will however, take a full year of organic chemistry as well as at least one term of biochemistry. The Foundations curriculum is taught with the assumption that students arrive with a solid grounding in the fundamentals of foundational chemistry and biochemistry topics, including molecular structure, chemical reactivity, energetics, protein structure and function and intermediary metabolism.",,1,1,1.0,1.0,1.0
WA,University of Washington School of Medicine,Biology,BIOL,Required,"1 year* (lab recommended) The subject matter in these courses must include college-level biology, molecular genetics and cell biology/cell physiology, although applicants are not required to take courses with these specific titles. The Foundations curriculum is taught with the expectation that students arrive with a solid grounding in the fundamentals of the following human biological principles: homeostasis and feedback, neuronal signaling, hormone receptors, immunology, cell biology including subcellular organization, differentiation, cellular metabolic function, energy transfer, reproduction, Mendelian genetic principles of nucleic acid structure and function, genetic recombination and mechanisms of gene expression.",,1,1,1.0,1.0,1.0
WA,University of Washington School of Medicine,Biostatistics,MATH,Recommended,,,-1,1,1.0,1.0,1.0
WA,University of Washington School of Medicine,Calculus,MATH,Recommended,,,-1,1,1.0,1.0,1.0
WA,University of Washington School of Medicine,Chemistry,CHEM,Required,"2 years* (lab recommended) COMBINED with Chemistry (e.g. 1 year chemistry + 1 year biochemistry, etc.)The subject matter in these courses must include college-level inorganic and organic chemistry and biochemistry. Typically, students will complete 1 year of general (inorganic) chemistry and a year of organic and biochemistry combined, at minimum, to meet this requirement. Many applicants will however, take a full year of organic chemistry as well as at least one term of biochemistry. The Foundations curriculum is taught with the assumption that students arrive with a solid grounding in the fundamentals of foundational chemistry and biochemistry topics, including molecular structure, chemical reactivity, energetics, protein structure and function and intermediary metabolism.",,1,1,1.0,1.0,1.0
WA,University of Washington School of Medicine,Mathematics,MATH,Recommended,Calculus,,-1,1,1.0,1.0,1.0
WA,University of Washington School of Medicine,Microbiology,BIOL,Recommended,,,-1,1,1.0,1.0,1.0
WA,University of Washington School of Medicine,Physics,PHYS,Required,"1 year* The subject matter in these courses must include college-level physics principles including mechanics, kinetics, thermodynamics, properties of matter, wave theory, electricity and magnetism and optics although applicants are not required to take courses with these specific titles.",,-1,1,1.0,1.0,1.0
WA,University of Washington School of Medicine,Physiology,BIOL,Recommended,,,-1,1,1.0,1.0,1.0
WA,University of Washington School of Medicine,Psychology,BESS,Recommended,"Demonstrated competency (Could be met with a combination of coursework and experiences)Entering medical students should understand the social forces that shape the health of the individuals and communities they will serve. This includes understanding how social contextual factors and policy operate at the community and national level to impact the health of individuals. Students should be familiar with disparities in health currently present in society and their underlying etiologies. Candidates seeking acceptance to UWSOM can establish competency in this area through course work in the social sciences, humanities or related interdisciplinary fields such as public health or ethnic and gender studies, clinical and/or population health research, service learning, lived experience or a combination of thereof. Determination of competency will be evaluated through the secondary application and/or interview.",,-1,1,1.0,1.0,1.0
WA,University of Washington School of Medicine,Sociology,BESS,Recommended,"Demonstrated competency (Could be met with a combination of coursework and experiences) Entering medical students should understand the social forces that shape the health of the individuals and communities they will serve. This includes understanding how social contextual factors and policy operate at the community and national level to impact the health of individuals. Students should be familiar with disparities in health currently present in society and their underlying etiologies. Candidates seeking acceptance to UWSOM can establish competency in this area through course work in the social sciences, humanities or related interdisciplinary fields such as public health or ethnic and gender studies, clinical and/or population health research, service learning, lived experience or a combination of thereof. Determination of competency will be evaluated through the secondary application and/or interview.",,-1,1,1.0,1.0,1.0
WA,University of Washington School of Medicine,Statistics,MATH,Recommended,,,-1,1,1.0,1.0,1.0
WA,Washington State University Elson S. Floyd College of Medicine,Anatomy,BIOL,Recommended,,3,-1,-1,1.0,1.0,1.0
WA,Washington State University Elson S. Floyd College of Medicine,Biology,BIOL,Required,"Biology with lab is requiredPreferred focus: Genetics, molecular biology",4,1,-1,1.0,1.0,1.0
WA,Washington State University Elson S. Floyd College of Medicine,Chemistry,CHEM,Required,Organic chemistry with lab,4,1,-1,-1.0,1.0,1.0
WA,Washington State University Elson S. Floyd College of Medicine,Composition & Rhetoric,ENGL,Recommended,,3,-1,-1,1.0,1.0,1.0
WA,Washington State University Elson S. Floyd College of Medicine,Genetics,BIOL,Recommended,,3,-1,-1,1.0,1.0,1.0
WA,Washington State University Elson S. Floyd College of Medicine,Mathematics,MATH,Recommended,,3,-1,-1,1.0,1.0,1.0
WA,Washington State University Elson S. Floyd College of Medicine,Physics,PHYS,Required,Physics with lab,4,1,-1,1.0,1.0,1.0
WA,Washington State University Elson S. Floyd College of Medicine,Physiology,BIOL,Recommended,,3,-1,-1,1.0,1.0,1.0
WA,Washington State University Elson S. Floyd College of Medicine,Psychology,BESS,Recommended,,3,-1,-1,1.0,1.0,1.0
WA,Washington State University Elson S. Floyd College of Medicine,Sociology,BESS,Recommended,,3,-1,-1,1.0,1.0,1.0
WA,Washington State University Elson S. Floyd College of Medicine,Statistics,MATH,Recommended,,3,-1,-1,1.0,1.0,1.0
WI,Medical College of Wisconsin,Biochemistry,CHEM,Required,3-4 credits (1 semester) Biochemistry. Provided the course required General and Organic Chemistry as prerequisites.,4,-1,0,-1.0,1.0,1.0
WI,Medical College of Wisconsin,Biology,BIOL,Required,"3-4 credits (1 semester) Advanced Biology (200+ level). Courses such as Anatomy & Physiology, Immunology, Microbiology or Neurobiology will satisfy this requirement.",4,-1,0,-1.0,1.0,1.0
WI,Medical College of Wisconsin,Composition & Rhetoric,ENGL,Required,3-4 credits (1 semester) English. May use a writing-intensive course to satisfy this requirement.,4,-1,0,1.0,1.0,1.0
WI,Medical College of Wisconsin,Mathematics,MATH,Required,3-4 credits (1 semester) Math. Statistics is recommended.,4,-1,0,1.0,1.0,1.0
WI,Medical College of Wisconsin,Physics,PHYS,Required,6-8 credits (2 semesters) Physics. Typically Physics I and Physics II will fulfill this requirement.,8,-1,0,1.0,1.0,1.0
WI,Medical College of Wisconsin,Psychology,BESS,Required,3-4 credits (1 semester) Psychology or Sociology.,4,-1,0,1.0,1.0,1.0
WI,Medical College of Wisconsin,Sociology,BESS,Required,3-4 credits (1 semester) Psychology OR Sociology,4,-1,0,1.0,1.0,1.0
WI,University of Wisconsin School of Medicine and Public Health,Biochemistry,CHEM,Required,,3,-1,0,-1.0,0.0,1.0
WI,University of Wisconsin School of Medicine and Public Health,Biology,BIOL,Required,,8,1,0,1.0,0.0,1.0
WI,University of Wisconsin School of Medicine and Public Health,Chemistry,CHEM,Required,,8,1,0,1.0,0.0,1.0
WI,University of Wisconsin School of Medicine and Public Health,Organic Chemistry,CHEM,Required,,3,-1,0,-1.0,0.0,1.0
WI,University of Wisconsin School of Medicine and Public Health,Physics,PHYS,Required,,8,1,0,1.0,0.0,1.0
WI,University of Wisconsin School of Medicine and Public Health,Statistics,MATH,Required,,3,-1,0,1.0,1.0,1.0
WI,University of Wisconsin School of Medicine and Public Health,Zoology,BIOL,Required,,8,1,0,1.0,0.0,1.0
WV,Marshall University Joan C. Edwards School of Medicine,Anatomy,BIOL,Recommended,HIGHLY RECOMMENDED300 level or above,3,-1,-1,1.0,-1.0,1.0
WV,Marshall University Joan C. Edwards School of Medicine,Biochemistry,CHEM,Required,Biochemistry,3,-1,-1,1.0,-1.0,1.0
WV,Marshall University Joan C. Edwards School of Medicine,Biology,BIOL,Required,General Biology I & II or Zoology with lab,8,1,-1,1.0,-1.0,1.0
WV,Marshall University Joan C. Edwards School of Medicine,Cell Biology,BIOL,Recommended,HIGHLY RECOMMENDED Molecular Biology also acceptable to fulfill this recommendation.,3,-1,-1,1.0,-1.0,1.0
WV,Marshall University Joan C. Edwards School of Medicine,Chemistry,CHEM,Required,General Chemistry I & II with labs AND Organic Chemistry I & II with labs,16,1,-1,1.0,-1.0,1.0
WV,Marshall University Joan C. Edwards School of Medicine,Immunology,BIOL,Recommended,Highly recommended,3,-1,-1,1.0,-1.0,1.0
WV,Marshall University Joan C. Edwards School of Medicine,Literature,ENGL,Required,English language and literature.  Composition and Rhetoric and Creative writing also acceptable for fulfilling this requirement.,6,-1,-1,1.0,-1.0,1.0
WV,Marshall University Joan C. Edwards School of Medicine,Physics,PHYS,Required,Physics I & II with labs,8,1,-1,1.0,-1.0,1.0
WV,Marshall University Joan C. Edwards School of Medicine,Physiology,BIOL,Recommended,HIGHLY RECOMMENDED300 Level course or above,3,-1,-1,1.0,-1.0,1.0
WV,Marshall University Joan C. Edwards School of Medicine,Sociology,BESS,Required,"Anthropology, Economics, Family Studies and Psychology also acceptable courses for fulfilling this requirement",6,-1,-1,1.0,1.0,1.0
WV,Marshall University Joan C. Edwards School of Medicine,Statistics,MATH,Required,Biostatistics also acceptable for fulfilling this requirement,3,-1,-1,1.0,-1.0,1.0
WV,West Virginia University School of Medicine,Anatomy,BIOL,Recommended,,,-1,1,1.0,1.0,1.0
WV,West Virginia University School of Medicine,Biochemistry,CHEM,Recommended,,,-1,1,1.0,1.0,1.0
WV,West Virginia University School of Medicine,Biology,BIOL,Recommended,,,-1,1,1.0,1.0,1.0
WV,West Virginia University School of Medicine,Cell Biology,BIOL,Recommended,,,-1,1,1.0,1.0,1.0
WV,West Virginia University School of Medicine,Chemistry,CHEM,Recommended,,,-1,1,1.0,1.0,1.0
WV,West Virginia University School of Medicine,Genetics,BIOL,Recommended,,,-1,1,1.0,1.0,1.0
WV,West Virginia University School of Medicine,Histology,BIOL,Recommended,,,-1,1,1.0,1.0,1.0
WV,West Virginia University School of Medicine,Immunology,BIOL,Recommended,,,-1,1,1.0,1.0,1.0
WV,West Virginia University School of Medicine,Microbiology,BIOL,Recommended,,,-1,1,1.0,1.0,1.0
WV,West Virginia University School of Medicine,Physics,PHYS,Recommended,,,-1,1,1.0,1.0,1.0
WV,West Virginia University School of Medicine,Physiology,BIOL,Recommended,,,-1,1,1.0,1.0,1.0
WV,West Virginia University School of Medicine,Psychology,BESS,Recommended,,,-1,1,1.0,1.0,1.0
WV,West Virginia University School of Medicine,Sociology,BESS,Recommended,,,-1,1,1.0,1.0,1.0
BC,University of British Columbia Faculty of Medicine,Anatomy,BIOL,Recommended,,,-1,1,1.0,1.0,1.0
BC,University of British Columbia Faculty of Medicine,Biochemistry,CHEM,Recommended,,,1,1,1.0,1.0,1.0
BC,University of British Columbia Faculty of Medicine,Biology,BIOL,Recommended,,,-1,1,1.0,1.0,1.0
BC,University of British Columbia Faculty of Medicine,Cell Biology,BIOL,Recommended,,,-1,1,1.0,1.0,1.0
BC,University of British Columbia Faculty of Medicine,Chemistry,CHEM,Recommended,,,1,1,1.0,1.0,1.0
BC,University of British Columbia Faculty of Medicine,Literature,ENGL,Required,,6,-1,0,1.0,1.0,0.0
BC,University of British Columbia Faculty of Medicine,Microbiology,BIOL,Recommended,,,-1,1,1.0,1.0,1.0
BC,University of British Columbia Faculty of Medicine,Physiology,BIOL,Recommended,,,-1,1,1.0,1.0,1.0
BC,University of British Columbia Faculty of Medicine,Psychology,BESS,Recommended,,,-1,1,1.0,1.0,1.0
BC,University of British Columbia Faculty of Medicine,Sociology,BESS,Recommended,,,-1,1,1.0,1.0,1.0
BC,University of British Columbia Faculty of Medicine,Statistics,MATH,Recommended,,,-1,1,1.0,1.0,1.0
MB,"Max Rady College of Medicine, Rady Faculty of Health Sciences, University of Manitoba",Biochemistry,CHEM,Recommended,"Per the AAMC website, all of the content on the MCAT exam is covered in introductory courses at most colleges and universities, including introductory biology, general chemistry, organic chemistry, physics, and first-semester psychology, sociology, and biochemistry. Research methods and statistics concepts on the exam are used in introductory science labs as well as introductory psychology and sociology courses.  Please see https://students-residents.aamc.org/mcat-faq/mcat-faqs for more information.",,-1,1,1.0,1.0,-1.0
MB,"Max Rady College of Medicine, Rady Faculty of Health Sciences, University of Manitoba",Biology,BIOL,Recommended,"Per the AAMC website, all of the content on the MCAT exam is covered in introductory courses at most colleges and universities, including introductory biology, general chemistry, organic chemistry, physics, and first-semester psychology, sociology, and biochemistry. Research methods and statistics concepts on the exam are used in introductory science labs as well as introductory psychology and sociology courses.  Please see https://students-residents.aamc.org/mcat-faq/mcat-faqs for more information.",,-1,1,1.0,1.0,-1.0
MB,"Max Rady College of Medicine, Rady Faculty of Health Sciences, University of Manitoba",Chemistry,CHEM,Recommended,"Per the AAMC website, all of the content on the MCAT exam is covered in introductory courses at most colleges and universities, including introductory biology, general chemistry, organic chemistry, physics, and first-semester psychology, sociology, and biochemistry. Research methods and statistics concepts on the exam are used in introductory science labs as well as introductory psychology and sociology courses.  Please see https://students-residents.aamc.org/mcat-faq/mcat-faqs for more information.",,-1,1,1.0,1.0,-1.0
MB,"Max Rady College of Medicine, Rady Faculty of Health Sciences, University of Manitoba",Microbiology,BIOL,Recommended,"Per the AAMC website, all of the content on the MCAT exam is covered in introductory courses at most colleges and universities, including introductory biology, general chemistry, organic chemistry, physics, and first-semester psychology, sociology, and biochemistry. Research methods and statistics concepts on the exam are used in introductory science labs as well as introductory psychology and sociology courses.  Please see https://students-residents.aamc.org/mcat-faq/mcat-faqs for more information.",,-1,1,1.0,1.0,-1.0
MB,"Max Rady College of Medicine, Rady Faculty of Health Sciences, University of Manitoba",Physics,PHYS,Recommended,"Per the AAMC website, all of the content on the MCAT exam is covered in introductory courses at most colleges and universities, including introductory biology, general chemistry, organic chemistry, physics, and first-semester psychology, sociology, and biochemistry. Research methods and statistics concepts on the exam are used in introductory science labs as well as introductory psychology and sociology courses.  Please see https://students-residents.aamc.org/mcat-faq/mcat-faqs for more information.",,-1,1,1.0,1.0,-1.0
MB,"Max Rady College of Medicine, Rady Faculty of Health Sciences, University of Manitoba",Psychology,BESS,Recommended,"Per the AAMC website, all of the content on the MCAT exam is covered in introductory courses at most colleges and universities, including introductory biology, general chemistry, organic chemistry, physics, and first-semester psychology, sociology, and biochemistry. Research methods and statistics concepts on the exam are used in introductory science labs as well as introductory psychology and sociology courses.  Please see https://students-residents.aamc.org/mcat-faq/mcat-faqs for more information.",,-1,1,1.0,1.0,-1.0
MB,"Max Rady College of Medicine, Rady Faculty of Health Sciences, University of Manitoba",Sociology,BESS,Recommended,"Per the AAMC website, all of the content on the MCAT exam is covered in introductory courses at most colleges and universities, including introductory biology, general chemistry, organic chemistry, physics, and first-semester psychology, sociology, and biochemistry. Research methods and statistics concepts on the exam are used in introductory science labs as well as introductory psychology and sociology courses.  Please see https://students-residents.aamc.org/mcat-faq/mcat-faqs for more information.",,-1,1,1.0,1.0,-1.0
ON,University of Ottawa Faculty of Medicine,Biochemistry,CHEM,Required,Introduction to Biochemistry,4,1,-1,-1.0,0.0,-1.0
ON,University of Ottawa Faculty of Medicine,Biology,BIOL,Required,We also accept Anatomie and Physiology to satisfy the Biology requirement.,8,1,-1,0.0,0.0,1.0
ON,University of Ottawa Faculty of Medicine,Chemistry,CHEM,Required,General Chemistry (3 credits) + Organic Chemistry (3 credits),8,1,-1,0.0,0.0,0.0
ON,University of Ottawa Faculty of Medicine,Statistics,MATH,Required,Statistics,3,-1,-1,-1.0,1.0,-1.0
ON,University of Toronto Temerty Faculty of Medicine,Anatomy,BIOL,Recommended,,,-1,1,0.0,0.0,-1.0
ON,University of Toronto Temerty Faculty of Medicine,Anthropology,BESS,Recommended,,,-1,1,0.0,0.0,-1.0
ON,University of Toronto Temerty Faculty of Medicine,Biology,BIOL,Recommended,,,-1,1,0.0,0.0,-1.0
ON,University of Toronto Temerty Faculty of Medicine,Botany,BIOL,Recommended,,,-1,1,0.0,0.0,-1.0
ON,University of Toronto Temerty Faculty of Medicine,Cell Biology,BIOL,Recommended,,,-1,1,0.0,0.0,-1.0
ON,University of Toronto Temerty Faculty of Medicine,Economics,BESS,Recommended,,,-1,1,0.0,0.0,-1.0
ON,University of Toronto Temerty Faculty of Medicine,Immunology,BIOL,Recommended,,,-1,1,0.0,0.0,-1.0
ON,University of Toronto Temerty Faculty of Medicine,Literature,ENGL,Recommended,,,-1,1,0.0,0.0,-1.0
ON,University of Toronto Temerty Faculty of Medicine,Microbiology,BIOL,Recommended,,,-1,1,0.0,0.0,-1.0
ON,University of Toronto Temerty Faculty of Medicine,Molecular Biology,BIOL,Recommended,,,-1,1,0.0,0.0,-1.0
ON,University of Toronto Temerty Faculty of Medicine,Physiology,BIOL,Recommended,,,-1,1,0.0,0.0,-1.0
ON,University of Toronto Temerty Faculty of Medicine,Sociology,BESS,Recommended,,,-1,1,0.0,0.0,-1.0
QC,Universite de Montreal Faculty of Medicine,Biochemistry,CHEM,Required,,,1,1,1.0,1.0,1.0
QC,Universite de Montreal Faculty of Medicine,Biology,BIOL,Required,,,1,1,1.0,1.0,1.0
QC,Universite de Montreal Faculty of Medicine,Chemistry,CHEM,Required,,,1,1,1.0,1.0,1.0
QC,Universite de Montreal Faculty of Medicine,Physics,PHYS,Required,,,1,1,1.0,1.0,1.0
QC,Universite de Sherbrooke Faculty of Medicine,Biology,BIOL,Required,"Biologie NYA  Évolution et diversité du vivant (OOUK, 0B01)",,1,0,0.0,0.0,0.0
QC,Universite de Sherbrooke Faculty of Medicine,Cell Biology,BIOL,Required,"Biologie 401  Organismes pluricellulaires (OOXU, 0B0F)",,1,0,0.0,0.0,0.0
QC,Universite de Sherbrooke Faculty of Medicine,Chemistry,CHEM,Required,"3 (TROIS) COURS DEMANDÉSChimie NYA  Chimie générale (OOUL, 0C01)Chimie NYB  Chimie des solutions (OOUM, 0C02)Chimie 202  Chimie organique (OOXV, 0C0F)",,1,0,0.0,0.0,0.0
QC,Universite de Sherbrooke Faculty of Medicine,Physics,PHYS,Required,"3 (TROIS) COURS DEMANDÉSPhysique NYA  Mécanique (OOUR, 0P01)Physique NYB  Électricité et magnétisme (OOUS, 0P02)Physique NYC  Ondes et physique moderne (OOUT, 0P03)",,1,0,0.0,0.0,0.0
